6.2s 1 0.00s - Debugger warning: It seems that frozen modules are being used, which may
6.2s 2 0.00s - make the debugger miss breakpoints. Please pass -Xfrozen_modules=off
6.2s 3 0.00s - to python to disable frozen modules.
6.2s 4 0.00s - Note: Debugging will proceed. Set PYDEVD_DISABLE_FILE_VALIDATION=1 to disable this validation.
6.7s 5 0.00s - Debugger warning: It seems that frozen modules are being used, which may
6.7s 6 0.00s - make the debugger miss breakpoints. Please pass -Xfrozen_modules=off
6.7s 7 0.00s - to python to disable frozen modules.
6.7s 8 0.00s - Note: Debugging will proceed. Set PYDEVD_DISABLE_FILE_VALIDATION=1 to disable this validation.
8.0s 9 [start] 2026-05-04 06:45:02  runner=2026-05-04-v3
8.0s 10 python 3.12.12  Linux-6.6.122+-x86_64-with-glibc2.35
8.2s 11 [start] 2026-05-04 06:45:02  runner=2026-05-04-v3
8.2s 12 python 3.12.12  Linux-6.6.122+-x86_64-with-glibc2.35
12.4s 13 torch 2.10.0+cu128  cuda=True
12.4s 14 gpu[0] Tesla T4
12.4s 15 gpu[1] Tesla T4
12.6s 16 torch 2.10.0+cu128  cuda=True
12.6s 17 gpu[0] Tesla T4
12.6s 18 gpu[1] Tesla T4
17.0s 19 
17.0s 20 [data_root] /kaggle/input/datasets/jjw905/skin-face-aihub-training/datasets/aihub_split
17.0s 21 [TORCH_HOME] /kaggle/input/datasets/jjw905/skin-face-aihub-training/pretrained_weights
17.0s 22 resnet50-11ad3fa6.pth  97.8 MB
17.0s 23 densenet121-a639ec97.pth  30.8 MB
17.0s 24 efficientnet_v2_s-dd5fe13b.pth  82.7 MB
17.0s 25 swin_t-704ceda3.pth  108.2 MB
17.2s 26 
17.2s 27 [data_root] /kaggle/input/datasets/jjw905/skin-face-aihub-training/datasets/aihub_split
17.2s 28 [TORCH_HOME] /kaggle/input/datasets/jjw905/skin-face-aihub-training/pretrained_weights
17.2s 29 resnet50-11ad3fa6.pth  97.8 MB
17.2s 30 densenet121-a639ec97.pth  30.8 MB
17.2s 31 efficientnet_v2_s-dd5fe13b.pth  82.7 MB
17.2s 32 swin_t-704ceda3.pth  108.2 MB
17.8s 33 
17.8s 34 [dataset]
17.8s 35 train total=2448  psoriasis=342  atopy=450  acne=450  normal=306  rosacea=450  seborrheic=450
17.8s 36 val   total=216  psoriasis=15  atopy=32  acne=41  normal=25  rosacea=53  seborrheic=50
17.8s 37 test  total=225  psoriasis=17  atopy=29  acne=49  normal=25  rosacea=53  seborrheic=52
17.8s 38 class_order=['psoriasis', 'atopy', 'acne', 'normal', 'rosacea', 'seborrheic']
17.8s 39 [train_py]  /kaggle/input/datasets/jjw905/skin-face-aihub-training/src/train.py
17.8s 40 [models]    ['resnet', 'densenet', 'efficientnet', 'swin', 'densenet_swin', 'efficientnet_swin', 'resnet_swin']
17.8s 41 
17.8s 42 ============================================================
17.8s 43 [model] resnet  start=2026-05-04 06:45:12
17.8s 44 ============================================================
18.0s 45 
18.0s 46 [dataset]
18.0s 47 train total=2448  psoriasis=342  atopy=450  acne=450  normal=306  rosacea=450  seborrheic=450
18.0s 48 val   total=216  psoriasis=15  atopy=32  acne=41  normal=25  rosacea=53  seborrheic=50
18.0s 49 test  total=225  psoriasis=17  atopy=29  acne=49  normal=25  rosacea=53  seborrheic=52
18.0s 50 class_order=['psoriasis', 'atopy', 'acne', 'normal', 'rosacea', 'seborrheic']
18.0s 51 [train_py]  /kaggle/input/datasets/jjw905/skin-face-aihub-training/src/train.py
18.0s 52 [models]    ['resnet', 'densenet', 'efficientnet', 'swin', 'densenet_swin', 'efficientnet_swin', 'resnet_swin']
18.0s 53 
18.0s 54 ============================================================
18.0s 55 [model] resnet  start=2026-05-04 06:45:12
18.0s 56 ============================================================
27.1s 57 [init] model=resnet  device=cuda  gpus=2
27.1s 58 epochs=50  min_epochs=10  patience=10  min_delta=0.001
27.3s 59 [init] model=resnet  device=cuda  gpus=2
27.3s 60 epochs=50  min_epochs=10  patience=10  min_delta=0.001
28.9s 61 [init] DataParallel: 2 GPUs
29.1s 62 [init] DataParallel: 2 GPUs
30.7s 63 
30.7s 64 ────────────────────────────────────────────────────────────
30.7s 65 [epoch 001/50]  resnet
30.9s 66 
30.9s 67 ────────────────────────────────────────────────────────────
30.9s 68 [epoch 001/50]  resnet
35.7s 69 batch 001/51  loss=1.7776  avg=1.7776
35.9s 70 batch 001/51  loss=1.7776  avg=1.7776
42.3s 71 batch 010/51  loss=1.6198  avg=1.7232
42.5s 72 batch 010/51  loss=1.6198  avg=1.7232
52.8s 73 batch 020/51  loss=1.4413  avg=1.6163
53.0s 74 batch 020/51  loss=1.4413  avg=1.6163
62.8s 75 batch 030/51  loss=1.1203  avg=1.5022
63.0s 76 batch 030/51  loss=1.1203  avg=1.5022
73.2s 77 batch 040/51  loss=1.0341  avg=1.3950
73.4s 78 batch 040/51  loss=1.0341  avg=1.3950
83.5s 79 batch 050/51  loss=0.9065  avg=1.3060
83.7s 80 batch 050/51  loss=0.9065  avg=1.3060
85.0s 81 batch 051/51  loss=0.8915  avg=1.2979
85.2s 82 batch 051/51  loss=0.8915  avg=1.2979
90.4s 83 loss=1.2979  val_f1=0.6595  val_acc=0.7037  lr=9.99e-05  stale=0/10  *** BEST ***
90.4s 84 psoriasis      P=0.400  R=0.133  F1=0.200
90.4s 85 atopy          P=0.657  R=0.719  F1=0.687
90.4s 86 acne           P=0.545  R=0.878  F1=0.673
90.4s 87 normal         P=1.000  R=1.000  F1=1.000
90.4s 88 rosacea        P=0.844  R=0.717  F1=0.775
90.4s 89 seborrheic     P=0.700  R=0.560  F1=0.622
90.4s 90 
90.4s 91 ────────────────────────────────────────────────────────────
90.4s 92 [epoch 002/50]  resnet
90.6s 93 loss=1.2979  val_f1=0.6595  val_acc=0.7037  lr=9.99e-05  stale=0/10  *** BEST ***
90.6s 94 psoriasis      P=0.400  R=0.133  F1=0.200
90.6s 95 atopy          P=0.657  R=0.719  F1=0.687
90.6s 96 acne           P=0.545  R=0.878  F1=0.673
90.6s 97 normal         P=1.000  R=1.000  F1=1.000
90.6s 98 rosacea        P=0.844  R=0.717  F1=0.775
90.6s 99 seborrheic     P=0.700  R=0.560  F1=0.622
90.6s 100 
90.6s 101 ────────────────────────────────────────────────────────────
90.6s 102 [epoch 002/50]  resnet
92.6s 103 batch 001/51  loss=0.6332  avg=0.6332
92.8s 104 batch 001/51  loss=0.6332  avg=0.6332
100.2s 105 batch 010/51  loss=0.6548  avg=0.7214
100.4s 106 batch 010/51  loss=0.6548  avg=0.7214
109.3s 107 batch 020/51  loss=0.7674  avg=0.7142
109.5s 108 batch 020/51  loss=0.7674  avg=0.7142
118.1s 109 batch 030/51  loss=0.7547  avg=0.6953
118.3s 110 batch 030/51  loss=0.7547  avg=0.6953
126.8s 111 batch 040/51  loss=0.6436  avg=0.6751
127.0s 112 batch 040/51  loss=0.6436  avg=0.6751
135.4s 113 batch 050/51  loss=0.5432  avg=0.6624
135.6s 114 batch 050/51  loss=0.5432  avg=0.6624
136.8s 115 batch 051/51  loss=0.6221  avg=0.6616
137.0s 116 batch 051/51  loss=0.6221  avg=0.6616
141.6s 117 loss=0.6616  val_f1=0.8322  val_acc=0.8333  lr=9.96e-05  stale=0/10  *** BEST ***
141.6s 118 psoriasis      P=0.833  R=0.667  F1=0.741
141.6s 119 atopy          P=0.862  R=0.781  F1=0.820
141.6s 120 acne           P=0.735  R=0.878  F1=0.800
141.6s 121 normal         P=1.000  R=1.000  F1=1.000
141.6s 122 rosacea        P=0.820  R=0.943  F1=0.877
141.6s 123 seborrheic     P=0.850  R=0.680  F1=0.756
141.6s 124 
141.6s 125 ────────────────────────────────────────────────────────────
141.6s 126 [epoch 003/50]  resnet
141.8s 127 loss=0.6616  val_f1=0.8322  val_acc=0.8333  lr=9.96e-05  stale=0/10  *** BEST ***
141.8s 128 psoriasis      P=0.833  R=0.667  F1=0.741
141.8s 129 atopy          P=0.862  R=0.781  F1=0.820
141.8s 130 acne           P=0.735  R=0.878  F1=0.800
141.8s 131 normal         P=1.000  R=1.000  F1=1.000
141.8s 132 rosacea        P=0.820  R=0.943  F1=0.877
141.8s 133 seborrheic     P=0.850  R=0.680  F1=0.756
141.8s 134 
141.8s 135 ────────────────────────────────────────────────────────────
141.8s 136 [epoch 003/50]  resnet
143.7s 137 batch 001/51  loss=0.4726  avg=0.4726
143.9s 138 batch 001/51  loss=0.4726  avg=0.4726
151.0s 139 batch 010/51  loss=0.5111  avg=0.5051
151.2s 140 batch 010/51  loss=0.5111  avg=0.5051
159.7s 141 batch 020/51  loss=0.4729  avg=0.4977
159.9s 142 batch 020/51  loss=0.4729  avg=0.4977
168.8s 143 batch 030/51  loss=0.4842  avg=0.4927
169.0s 144 batch 030/51  loss=0.4842  avg=0.4927
177.4s 145 batch 040/51  loss=0.5189  avg=0.4909
177.6s 146 batch 040/51  loss=0.5189  avg=0.4909
186.3s 147 batch 050/51  loss=0.4684  avg=0.4895
186.5s 148 batch 050/51  loss=0.4684  avg=0.4895
187.7s 149 batch 051/51  loss=0.4872  avg=0.4895
187.9s 150 batch 051/51  loss=0.4872  avg=0.4895
192.2s 151 loss=0.4895  val_f1=0.7981  val_acc=0.8148  lr=9.91e-05  stale=1/10
192.2s 152 psoriasis      P=0.615  R=0.533  F1=0.571
192.2s 153 atopy          P=0.862  R=0.781  F1=0.820
192.2s 154 acne           P=0.704  R=0.927  F1=0.800
192.2s 155 normal         P=0.960  R=0.960  F1=0.960
192.2s 156 rosacea        P=0.956  R=0.811  F1=0.878
192.2s 157 seborrheic     P=0.760  R=0.760  F1=0.760
192.2s 158 
192.2s 159 ────────────────────────────────────────────────────────────
192.2s 160 [epoch 004/50]  resnet
192.4s 161 loss=0.4895  val_f1=0.7981  val_acc=0.8148  lr=9.91e-05  stale=1/10
192.4s 162 psoriasis      P=0.615  R=0.533  F1=0.571
192.4s 163 atopy          P=0.862  R=0.781  F1=0.820
192.4s 164 acne           P=0.704  R=0.927  F1=0.800
192.4s 165 normal         P=0.960  R=0.960  F1=0.960
192.4s 166 rosacea        P=0.956  R=0.811  F1=0.878
192.4s 167 seborrheic     P=0.760  R=0.760  F1=0.760
192.4s 168 
192.4s 169 ────────────────────────────────────────────────────────────
192.4s 170 [epoch 004/50]  resnet
194.3s 171 batch 001/51  loss=0.4735  avg=0.4735
194.5s 172 batch 001/51  loss=0.4735  avg=0.4735
201.9s 173 batch 010/51  loss=0.4681  avg=0.4667
202.1s 174 batch 010/51  loss=0.4681  avg=0.4667
210.8s 175 batch 020/51  loss=0.4433  avg=0.4685
211.1s 176 batch 020/51  loss=0.4433  avg=0.4685
219.6s 177 batch 030/51  loss=0.4464  avg=0.4687
219.8s 178 batch 030/51  loss=0.4464  avg=0.4687
228.3s 179 batch 040/51  loss=0.4500  avg=0.4657
228.5s 180 batch 040/51  loss=0.4500  avg=0.4657
237.3s 181 batch 050/51  loss=0.4542  avg=0.4617
237.5s 182 batch 050/51  loss=0.4542  avg=0.4617
238.6s 183 batch 051/51  loss=0.4416  avg=0.4613
238.8s 184 batch 051/51  loss=0.4416  avg=0.4613
243.4s 185 loss=0.4613  val_f1=0.8360  val_acc=0.8426  lr=9.84e-05  stale=0/10  *** BEST ***
243.4s 186 psoriasis      P=0.714  R=0.667  F1=0.690
243.4s 187 atopy          P=0.867  R=0.812  F1=0.839
243.4s 188 acne           P=0.783  R=0.878  F1=0.828
243.4s 189 normal         P=1.000  R=1.000  F1=1.000
243.4s 190 rosacea        P=0.889  R=0.906  F1=0.897
243.4s 191 seborrheic     P=0.787  R=0.740  F1=0.763
243.4s 192 
243.4s 193 ────────────────────────────────────────────────────────────
243.4s 194 [epoch 005/50]  resnet
243.6s 195 loss=0.4613  val_f1=0.8360  val_acc=0.8426  lr=9.84e-05  stale=0/10  *** BEST ***
243.6s 196 psoriasis      P=0.714  R=0.667  F1=0.690
243.6s 197 atopy          P=0.867  R=0.812  F1=0.839
243.6s 198 acne           P=0.783  R=0.878  F1=0.828
243.6s 199 normal         P=1.000  R=1.000  F1=1.000
243.6s 200 rosacea        P=0.889  R=0.906  F1=0.897
243.6s 201 seborrheic     P=0.787  R=0.740  F1=0.763
243.6s 202 
243.6s 203 ────────────────────────────────────────────────────────────
243.6s 204 [epoch 005/50]  resnet
245.5s 205 batch 001/51  loss=0.4481  avg=0.4481
245.7s 206 batch 001/51  loss=0.4481  avg=0.4481
252.9s 207 batch 010/51  loss=0.4838  avg=0.4530
253.1s 208 batch 010/51  loss=0.4838  avg=0.4530
261.9s 209 batch 020/51  loss=0.4362  avg=0.4486
262.1s 210 batch 020/51  loss=0.4362  avg=0.4486
270.9s 211 batch 030/51  loss=0.4684  avg=0.4492
271.1s 212 batch 030/51  loss=0.4684  avg=0.4492
279.8s 213 batch 040/51  loss=0.4429  avg=0.4474
280.0s 214 batch 040/51  loss=0.4429  avg=0.4474
288.8s 215 batch 050/51  loss=0.4370  avg=0.4471
289.0s 216 batch 050/51  loss=0.4370  avg=0.4471
289.9s 217 batch 051/51  loss=0.4527  avg=0.4472
290.1s 218 batch 051/51  loss=0.4527  avg=0.4472
294.5s 219 loss=0.4472  val_f1=0.8147  val_acc=0.8241  lr=9.76e-05  stale=1/10
294.5s 220 psoriasis      P=0.692  R=0.600  F1=0.643
294.5s 221 atopy          P=0.824  R=0.875  F1=0.849
294.5s 222 acne           P=0.805  R=0.805  F1=0.805
294.5s 223 normal         P=0.960  R=0.960  F1=0.960
294.5s 224 rosacea        P=0.898  R=0.830  F1=0.863
294.5s 225 seborrheic     P=0.741  R=0.800  F1=0.769
294.5s 226 
294.5s 227 ────────────────────────────────────────────────────────────
294.5s 228 [epoch 006/50]  resnet
294.7s 229 loss=0.4472  val_f1=0.8147  val_acc=0.8241  lr=9.76e-05  stale=1/10
294.7s 230 psoriasis      P=0.692  R=0.600  F1=0.643
294.7s 231 atopy          P=0.824  R=0.875  F1=0.849
294.7s 232 acne           P=0.805  R=0.805  F1=0.805
294.7s 233 normal         P=0.960  R=0.960  F1=0.960
294.7s 234 rosacea        P=0.898  R=0.830  F1=0.863
294.7s 235 seborrheic     P=0.741  R=0.800  F1=0.769
294.7s 236 
294.7s 237 ────────────────────────────────────────────────────────────
294.7s 238 [epoch 006/50]  resnet
296.7s 239 batch 001/51  loss=0.4464  avg=0.4464
296.9s 240 batch 001/51  loss=0.4464  avg=0.4464
304.1s 241 batch 010/51  loss=0.4320  avg=0.4376
304.3s 242 batch 010/51  loss=0.4320  avg=0.4376
313.2s 243 batch 020/51  loss=0.4386  avg=0.4394
313.4s 244 batch 020/51  loss=0.4386  avg=0.4394
322.0s 245 batch 030/51  loss=0.4320  avg=0.4411
322.2s 246 batch 030/51  loss=0.4320  avg=0.4411
331.0s 247 batch 040/51  loss=0.4326  avg=0.4429
331.2s 248 batch 040/51  loss=0.4326  avg=0.4429
340.1s 249 batch 050/51  loss=0.4362  avg=0.4436
340.3s 250 batch 050/51  loss=0.4362  avg=0.4436
341.5s 251 batch 051/51  loss=0.4754  avg=0.4442
341.7s 252 batch 051/51  loss=0.4754  avg=0.4442
346.0s 253 loss=0.4442  val_f1=0.7840  val_acc=0.8056  lr=9.65e-05  stale=2/10
346.0s 254 psoriasis      P=0.583  R=0.467  F1=0.518
346.0s 255 atopy          P=0.867  R=0.812  F1=0.839
346.0s 256 acne           P=0.771  R=0.902  F1=0.832
346.0s 257 normal         P=1.000  R=1.000  F1=1.000
346.0s 258 rosacea        P=0.785  R=0.962  F1=0.864
346.0s 259 seborrheic     P=0.778  R=0.560  F1=0.651
346.0s 260 
346.0s 261 ────────────────────────────────────────────────────────────
346.0s 262 [epoch 007/50]  resnet
346.2s 263 loss=0.4442  val_f1=0.7840  val_acc=0.8056  lr=9.65e-05  stale=2/10
346.2s 264 psoriasis      P=0.583  R=0.467  F1=0.518
346.2s 265 atopy          P=0.867  R=0.812  F1=0.839
346.2s 266 acne           P=0.771  R=0.902  F1=0.832
346.2s 267 normal         P=1.000  R=1.000  F1=1.000
346.2s 268 rosacea        P=0.785  R=0.962  F1=0.864
346.2s 269 seborrheic     P=0.778  R=0.560  F1=0.651
346.2s 270 
346.2s 271 ────────────────────────────────────────────────────────────
346.2s 272 [epoch 007/50]  resnet
348.1s 273 batch 001/51  loss=0.4382  avg=0.4382
348.3s 274 batch 001/51  loss=0.4382  avg=0.4382
355.7s 275 batch 010/51  loss=0.4367  avg=0.4425
355.9s 276 batch 010/51  loss=0.4367  avg=0.4425
364.8s 277 batch 020/51  loss=0.4555  avg=0.4396
365.0s 278 batch 020/51  loss=0.4555  avg=0.4396
373.6s 279 batch 030/51  loss=0.4415  avg=0.4420
373.8s 280 batch 030/51  loss=0.4415  avg=0.4420
382.3s 281 batch 040/51  loss=0.4331  avg=0.4425
382.5s 282 batch 040/51  loss=0.4331  avg=0.4425
391.0s 283 batch 050/51  loss=0.4662  avg=0.4435
391.2s 284 batch 050/51  loss=0.4662  avg=0.4435
392.3s 285 batch 051/51  loss=0.4412  avg=0.4435
392.5s 286 batch 051/51  loss=0.4412  avg=0.4435
396.8s 287 loss=0.4435  val_f1=0.7996  val_acc=0.8148  lr=9.53e-05  stale=3/10
396.8s 288 psoriasis      P=0.562  R=0.600  F1=0.581
396.8s 289 atopy          P=0.833  R=0.781  F1=0.806
396.8s 290 acne           P=0.861  R=0.756  F1=0.805
396.8s 291 normal         P=1.000  R=1.000  F1=1.000
396.8s 292 rosacea        P=0.788  R=0.981  F1=0.874
396.8s 293 seborrheic     P=0.791  R=0.680  F1=0.731
396.8s 294 
396.8s 295 ────────────────────────────────────────────────────────────
396.8s 296 [epoch 008/50]  resnet
397.0s 297 loss=0.4435  val_f1=0.7996  val_acc=0.8148  lr=9.53e-05  stale=3/10
397.0s 298 psoriasis      P=0.562  R=0.600  F1=0.581
397.0s 299 atopy          P=0.833  R=0.781  F1=0.806
397.0s 300 acne           P=0.861  R=0.756  F1=0.805
397.0s 301 normal         P=1.000  R=1.000  F1=1.000
397.0s 302 rosacea        P=0.788  R=0.981  F1=0.874
397.0s 303 seborrheic     P=0.791  R=0.680  F1=0.731
397.0s 304 
397.0s 305 ────────────────────────────────────────────────────────────
397.0s 306 [epoch 008/50]  resnet
399.1s 307 batch 001/51  loss=0.4409  avg=0.4409
399.3s 308 batch 001/51  loss=0.4409  avg=0.4409
406.4s 309 batch 010/51  loss=0.4342  avg=0.4393
406.6s 310 batch 010/51  loss=0.4342  avg=0.4393
415.6s 311 batch 020/51  loss=0.4287  avg=0.4397
415.8s 312 batch 020/51  loss=0.4287  avg=0.4397
424.5s 313 batch 030/51  loss=0.4356  avg=0.4400
424.7s 314 batch 030/51  loss=0.4356  avg=0.4400
433.4s 315 batch 040/51  loss=0.4278  avg=0.4412
433.6s 316 batch 040/51  loss=0.4278  avg=0.4412
442.3s 317 batch 050/51  loss=0.4315  avg=0.4411
442.5s 318 batch 050/51  loss=0.4315  avg=0.4411
443.7s 319 batch 051/51  loss=0.4332  avg=0.4409
443.9s 320 batch 051/51  loss=0.4332  avg=0.4409
448.3s 321 loss=0.4409  val_f1=0.8002  val_acc=0.8287  lr=9.39e-05  stale=4/10
448.3s 322 psoriasis      P=0.833  R=0.333  F1=0.476
448.3s 323 atopy          P=0.897  R=0.812  F1=0.853
448.3s 324 acne           P=0.787  R=0.902  F1=0.841
448.3s 325 normal         P=1.000  R=1.000  F1=1.000
448.3s 326 rosacea        P=0.956  R=0.811  F1=0.878
448.3s 327 seborrheic     P=0.672  R=0.860  F1=0.754
448.3s 328 
448.3s 329 ────────────────────────────────────────────────────────────
448.3s 330 [epoch 009/50]  resnet
448.6s 331 loss=0.4409  val_f1=0.8002  val_acc=0.8287  lr=9.39e-05  stale=4/10
448.6s 332 psoriasis      P=0.833  R=0.333  F1=0.476
448.6s 333 atopy          P=0.897  R=0.812  F1=0.853
448.6s 334 acne           P=0.787  R=0.902  F1=0.841
448.6s 335 normal         P=1.000  R=1.000  F1=1.000
448.6s 336 rosacea        P=0.956  R=0.811  F1=0.878
448.6s 337 seborrheic     P=0.672  R=0.860  F1=0.754
448.6s 338 
448.6s 339 ────────────────────────────────────────────────────────────
448.6s 340 [epoch 009/50]  resnet
450.5s 341 batch 001/51  loss=0.4331  avg=0.4331
450.7s 342 batch 001/51  loss=0.4331  avg=0.4331
458.2s 343 batch 010/51  loss=0.4383  avg=0.4328
458.4s 344 batch 010/51  loss=0.4383  avg=0.4328
467.3s 345 batch 020/51  loss=0.4310  avg=0.4345
467.5s 346 batch 020/51  loss=0.4310  avg=0.4345
476.0s 347 batch 030/51  loss=0.4431  avg=0.4355
476.2s 348 batch 030/51  loss=0.4431  avg=0.4355
485.0s 349 batch 040/51  loss=0.4308  avg=0.4361
485.2s 350 batch 040/51  loss=0.4308  avg=0.4361
493.7s 351 batch 050/51  loss=0.4631  avg=0.4382
493.9s 352 batch 050/51  loss=0.4631  avg=0.4382
495.0s 353 batch 051/51  loss=0.4376  avg=0.4381
495.2s 354 batch 051/51  loss=0.4376  avg=0.4381
499.6s 355 loss=0.4381  val_f1=0.7848  val_acc=0.7963  lr=9.23e-05  stale=5/10
499.6s 356 psoriasis      P=0.533  R=0.533  F1=0.533
499.6s 357 atopy          P=0.920  R=0.719  F1=0.807
499.6s 358 acne           P=0.938  R=0.732  F1=0.822
499.6s 359 normal         P=1.000  R=1.000  F1=1.000
499.6s 360 rosacea        P=0.800  R=0.906  F1=0.850
499.6s 361 seborrheic     P=0.644  R=0.760  F1=0.697
499.6s 362 
499.6s 363 ────────────────────────────────────────────────────────────
499.6s 364 [epoch 010/50]  resnet
499.8s 365 loss=0.4381  val_f1=0.7848  val_acc=0.7963  lr=9.23e-05  stale=5/10
499.8s 366 psoriasis      P=0.533  R=0.533  F1=0.533
499.8s 367 atopy          P=0.920  R=0.719  F1=0.807
499.8s 368 acne           P=0.938  R=0.732  F1=0.822
499.8s 369 normal         P=1.000  R=1.000  F1=1.000
499.8s 370 rosacea        P=0.800  R=0.906  F1=0.850
499.8s 371 seborrheic     P=0.644  R=0.760  F1=0.697
499.8s 372 
499.8s 373 ────────────────────────────────────────────────────────────
499.8s 374 [epoch 010/50]  resnet
501.9s 375 batch 001/51  loss=0.4741  avg=0.4741
502.1s 376 batch 001/51  loss=0.4741  avg=0.4741
509.4s 377 batch 010/51  loss=0.4722  avg=0.4439
509.6s 378 batch 010/51  loss=0.4722  avg=0.4439
518.2s 379 batch 020/51  loss=0.4294  avg=0.4412
518.4s 380 batch 020/51  loss=0.4294  avg=0.4412
527.6s 381 batch 030/51  loss=0.4309  avg=0.4393
527.8s 382 batch 030/51  loss=0.4309  avg=0.4393
536.6s 383 batch 040/51  loss=0.4303  avg=0.4400
536.8s 384 batch 040/51  loss=0.4303  avg=0.4400
545.2s 385 batch 050/51  loss=0.4274  avg=0.4412
545.4s 386 batch 050/51  loss=0.4274  avg=0.4412
546.5s 387 batch 051/51  loss=0.4897  avg=0.4421
546.7s 388 batch 051/51  loss=0.4897  avg=0.4421
551.0s 389 loss=0.4421  val_f1=0.7905  val_acc=0.8148  lr=9.05e-05  stale=6/10
551.0s 390 psoriasis      P=0.750  R=0.400  F1=0.522
551.0s 391 atopy          P=0.757  R=0.875  F1=0.812
551.0s 392 acne           P=0.821  R=0.780  F1=0.800
551.0s 393 normal         P=1.000  R=1.000  F1=1.000
551.0s 394 rosacea        P=0.803  R=0.924  F1=0.860
551.0s 395 seborrheic     P=0.783  R=0.720  F1=0.750
551.0s 396 
551.0s 397 ────────────────────────────────────────────────────────────
551.0s 398 [epoch 011/50]  resnet
551.3s 399 loss=0.4421  val_f1=0.7905  val_acc=0.8148  lr=9.05e-05  stale=6/10
551.3s 400 psoriasis      P=0.750  R=0.400  F1=0.522
551.3s 401 atopy          P=0.757  R=0.875  F1=0.812
551.3s 402 acne           P=0.821  R=0.780  F1=0.800
551.3s 403 normal         P=1.000  R=1.000  F1=1.000
551.3s 404 rosacea        P=0.803  R=0.924  F1=0.860
551.3s 405 seborrheic     P=0.783  R=0.720  F1=0.750
551.3s 406 
551.3s 407 ────────────────────────────────────────────────────────────
551.3s 408 [epoch 011/50]  resnet
553.2s 409 batch 001/51  loss=0.4375  avg=0.4375
553.4s 410 batch 001/51  loss=0.4375  avg=0.4375
560.6s 411 batch 010/51  loss=0.4325  avg=0.4361
560.8s 412 batch 010/51  loss=0.4325  avg=0.4361
569.6s 413 batch 020/51  loss=0.4346  avg=0.4377
569.8s 414 batch 020/51  loss=0.4346  avg=0.4377
578.6s 415 batch 030/51  loss=0.4367  avg=0.4402
578.8s 416 batch 030/51  loss=0.4367  avg=0.4402
587.8s 417 batch 040/51  loss=0.4456  avg=0.4408
588.0s 418 batch 040/51  loss=0.4456  avg=0.4408
596.8s 419 batch 050/51  loss=0.4375  avg=0.4422
597.0s 420 batch 050/51  loss=0.4375  avg=0.4422
598.1s 421 batch 051/51  loss=0.4502  avg=0.4423
598.3s 422 batch 051/51  loss=0.4502  avg=0.4423
602.7s 423 loss=0.4423  val_f1=0.7875  val_acc=0.7917  lr=8.86e-05  stale=7/10
602.7s 424 psoriasis      P=0.875  R=0.467  F1=0.609
602.7s 425 atopy          P=0.920  R=0.719  F1=0.807
602.7s 426 acne           P=0.824  R=0.683  F1=0.747
602.7s 427 normal         P=1.000  R=0.960  F1=0.980
602.7s 428 rosacea        P=0.936  R=0.830  F1=0.880
602.7s 429 seborrheic     P=0.577  R=0.900  F1=0.703
602.7s 430 
602.7s 431 ────────────────────────────────────────────────────────────
602.7s 432 [epoch 012/50]  resnet
602.9s 433 loss=0.4423  val_f1=0.7875  val_acc=0.7917  lr=8.86e-05  stale=7/10
602.9s 434 psoriasis      P=0.875  R=0.467  F1=0.609
602.9s 435 atopy          P=0.920  R=0.719  F1=0.807
602.9s 436 acne           P=0.824  R=0.683  F1=0.747
602.9s 437 normal         P=1.000  R=0.960  F1=0.980
602.9s 438 rosacea        P=0.936  R=0.830  F1=0.880
602.9s 439 seborrheic     P=0.577  R=0.900  F1=0.703
602.9s 440 
602.9s 441 ────────────────────────────────────────────────────────────
602.9s 442 [epoch 012/50]  resnet
604.8s 443 batch 001/51  loss=0.4479  avg=0.4479
605.0s 444 batch 001/51  loss=0.4479  avg=0.4479
612.3s 445 batch 010/51  loss=0.4364  avg=0.4438
612.5s 446 batch 010/51  loss=0.4364  avg=0.4438
621.2s 447 batch 020/51  loss=0.4386  avg=0.4455
621.4s 448 batch 020/51  loss=0.4386  avg=0.4455
630.1s 449 batch 030/51  loss=0.4279  avg=0.4426
630.3s 450 batch 030/51  loss=0.4279  avg=0.4426
638.9s 451 batch 040/51  loss=0.4273  avg=0.4397
639.1s 452 batch 040/51  loss=0.4273  avg=0.4397
647.8s 453 batch 050/51  loss=0.4304  avg=0.4389
648.0s 454 batch 050/51  loss=0.4304  avg=0.4389
649.0s 455 batch 051/51  loss=0.4297  avg=0.4387
649.2s 456 batch 051/51  loss=0.4297  avg=0.4387
653.7s 457 loss=0.4387  val_f1=0.8311  val_acc=0.8426  lr=8.66e-05  stale=8/10
653.7s 458 psoriasis      P=0.667  R=0.667  F1=0.667
653.7s 459 atopy          P=0.857  R=0.750  F1=0.800
653.7s 460 acne           P=0.787  R=0.902  F1=0.841
653.7s 461 normal         P=1.000  R=1.000  F1=1.000
653.7s 462 rosacea        P=0.907  R=0.924  F1=0.916
653.7s 463 seborrheic     P=0.787  R=0.740  F1=0.763
653.7s 464 
653.7s 465 ────────────────────────────────────────────────────────────
653.7s 466 [epoch 013/50]  resnet
653.9s 467 loss=0.4387  val_f1=0.8311  val_acc=0.8426  lr=8.66e-05  stale=8/10
653.9s 468 psoriasis      P=0.667  R=0.667  F1=0.667
653.9s 469 atopy          P=0.857  R=0.750  F1=0.800
653.9s 470 acne           P=0.787  R=0.902  F1=0.841
653.9s 471 normal         P=1.000  R=1.000  F1=1.000
653.9s 472 rosacea        P=0.907  R=0.924  F1=0.916
653.9s 473 seborrheic     P=0.787  R=0.740  F1=0.763
653.9s 474 
653.9s 475 ────────────────────────────────────────────────────────────
653.9s 476 [epoch 013/50]  resnet
655.9s 477 batch 001/51  loss=0.4498  avg=0.4498
656.1s 478 batch 001/51  loss=0.4498  avg=0.4498
663.4s 479 batch 010/51  loss=0.4335  avg=0.4339
663.6s 480 batch 010/51  loss=0.4335  avg=0.4339
672.4s 481 batch 020/51  loss=0.4276  avg=0.4347
672.6s 482 batch 020/51  loss=0.4276  avg=0.4347
681.4s 483 batch 030/51  loss=0.4316  avg=0.4359
681.6s 484 batch 030/51  loss=0.4316  avg=0.4359
690.6s 485 batch 040/51  loss=0.4328  avg=0.4353
690.8s 486 batch 040/51  loss=0.4328  avg=0.4353
699.5s 487 batch 050/51  loss=0.4399  avg=0.4353
699.7s 488 batch 050/51  loss=0.4399  avg=0.4353
700.7s 489 batch 051/51  loss=0.4402  avg=0.4354
701.0s 490 batch 051/51  loss=0.4402  avg=0.4354
705.4s 491 loss=0.4354  val_f1=0.8153  val_acc=0.8194  lr=8.44e-05  stale=9/10
705.4s 492 psoriasis      P=0.647  R=0.733  F1=0.688
705.4s 493 atopy          P=0.889  R=0.750  F1=0.814
705.4s 494 acne           P=0.771  R=0.902  F1=0.832
705.4s 495 normal         P=1.000  R=1.000  F1=1.000
705.4s 496 rosacea        P=0.806  R=0.943  F1=0.870
705.4s 497 seborrheic     P=0.811  R=0.600  F1=0.690
705.4s 498 
705.4s 499 ────────────────────────────────────────────────────────────
705.4s 500 [epoch 014/50]  resnet
705.6s 501 loss=0.4354  val_f1=0.8153  val_acc=0.8194  lr=8.44e-05  stale=9/10
705.6s 502 psoriasis      P=0.647  R=0.733  F1=0.688
705.6s 503 atopy          P=0.889  R=0.750  F1=0.814
705.6s 504 acne           P=0.771  R=0.902  F1=0.832
705.6s 505 normal         P=1.000  R=1.000  F1=1.000
705.6s 506 rosacea        P=0.806  R=0.943  F1=0.870
705.6s 507 seborrheic     P=0.811  R=0.600  F1=0.690
705.6s 508 
705.6s 509 ────────────────────────────────────────────────────────────
705.6s 510 [epoch 014/50]  resnet
707.6s 511 batch 001/51  loss=0.4286  avg=0.4286
707.8s 512 batch 001/51  loss=0.4286  avg=0.4286
715.1s 513 batch 010/51  loss=0.4276  avg=0.4302
715.3s 514 batch 010/51  loss=0.4276  avg=0.4302
724.1s 515 batch 020/51  loss=0.4283  avg=0.4324
724.3s 516 batch 020/51  loss=0.4283  avg=0.4324
732.9s 517 batch 030/51  loss=0.4358  avg=0.4348
733.1s 518 batch 030/51  loss=0.4358  avg=0.4348
741.8s 519 batch 040/51  loss=0.4283  avg=0.4357
742.0s 520 batch 040/51  loss=0.4283  avg=0.4357
750.9s 521 batch 050/51  loss=0.4599  avg=0.4363
751.1s 522 batch 050/51  loss=0.4599  avg=0.4363
751.3s 523 batch 051/51  loss=0.4893  avg=0.4373
751.5s 524 batch 051/51  loss=0.4893  avg=0.4373
755.9s 525 loss=0.4373  val_f1=0.7845  val_acc=0.7824  lr=8.21e-05  stale=10/10
755.9s 526 psoriasis      P=0.692  R=0.600  F1=0.643
755.9s 527 atopy          P=0.862  R=0.781  F1=0.820
755.9s 528 acne           P=0.865  R=0.780  F1=0.821
755.9s 529 normal         P=1.000  R=1.000  F1=1.000
755.9s 530 rosacea        P=0.676  R=0.943  F1=0.787
755.9s 531 seborrheic     P=0.737  R=0.560  F1=0.636
755.9s 532 
755.9s 533 [early stop] epoch=14  best_epoch=4  best_f1=0.8360  stale=10
755.9s 534 
755.9s 535 [test]
756.1s 536 loss=0.4373  val_f1=0.7845  val_acc=0.7824  lr=8.21e-05  stale=10/10
756.1s 537 psoriasis      P=0.692  R=0.600  F1=0.643
756.1s 538 atopy          P=0.862  R=0.781  F1=0.820
756.1s 539 acne           P=0.865  R=0.780  F1=0.821
756.1s 540 normal         P=1.000  R=1.000  F1=1.000
756.1s 541 rosacea        P=0.676  R=0.943  F1=0.787
756.1s 542 seborrheic     P=0.737  R=0.560  F1=0.636
756.1s 543 
756.1s 544 [early stop] epoch=14  best_epoch=4  best_f1=0.8360  stale=10
756.1s 545 
756.1s 546 [test]
761.8s 547 acc=0.8533  f1=0.8462  recall=0.8426  conf=0.7979
761.8s 548 psoriasis      P=0.733  R=0.647  F1=0.688
761.8s 549 atopy          P=0.867  R=0.897  F1=0.881
761.8s 550 acne           P=0.796  R=0.878  F1=0.835
761.8s 551 normal         P=1.000  R=0.960  F1=0.980
761.8s 552 rosacea        P=0.909  R=0.943  F1=0.926
761.8s 553 seborrheic     P=0.808  R=0.731  F1=0.768
761.8s 554 [summary] /kaggle/working/outputs_20260504_064512/checkpoints/resnet/summary.json
762.0s 555 acc=0.8533  f1=0.8462  recall=0.8426  conf=0.7979
762.0s 556 psoriasis      P=0.733  R=0.647  F1=0.688
762.0s 557 atopy          P=0.867  R=0.897  F1=0.881
762.0s 558 acne           P=0.796  R=0.878  F1=0.835
762.0s 559 normal         P=1.000  R=0.960  F1=0.980
762.0s 560 rosacea        P=0.909  R=0.943  F1=0.926
762.0s 561 seborrheic     P=0.808  R=0.731  F1=0.768
762.0s 562 [summary] /kaggle/working/outputs_20260504_064512/checkpoints/resnet/summary.json
764.6s 563 [weights_pool] resnet_best.pth
764.6s 564 [done] resnet  exit_code=0  end=2026-05-04 06:57:39
764.6s 565 
764.6s 566 ============================================================
764.6s 567 [model] densenet  start=2026-05-04 06:57:39
764.6s 568 ============================================================
764.8s 569 [weights_pool] resnet_best.pth
764.8s 570 [done] resnet  exit_code=0  end=2026-05-04 06:57:39
764.8s 571 
764.8s 572 ============================================================
764.8s 573 [model] densenet  start=2026-05-04 06:57:39
764.8s 574 ============================================================
768.5s 575 [init] model=densenet  device=cuda  gpus=2
768.5s 576 epochs=50  min_epochs=10  patience=10  min_delta=0.001
768.7s 577 [init] model=densenet  device=cuda  gpus=2
768.7s 578 epochs=50  min_epochs=10  patience=10  min_delta=0.001
769.1s 579 [init] DataParallel: 2 GPUs
769.3s 580 
769.3s 581 ────────────────────────────────────────────────────────────
769.3s 582 [epoch 001/50]  densenet
769.3s 583 [init] DataParallel: 2 GPUs
769.3s 584 
769.3s 585 ────────────────────────────────────────────────────────────
769.3s 586 [epoch 001/50]  densenet
773.4s 587 batch 001/51  loss=1.9281  avg=1.9281
773.6s 588 batch 001/51  loss=1.9281  avg=1.9281
780.2s 589 batch 010/51  loss=1.4758  avg=1.6500
780.4s 590 batch 010/51  loss=1.4758  avg=1.6500
789.4s 591 batch 020/51  loss=1.0492  avg=1.4442
789.6s 592 batch 020/51  loss=1.0492  avg=1.4442
798.5s 593 batch 030/51  loss=1.0741  avg=1.3055
798.7s 594 batch 030/51  loss=1.0741  avg=1.3055
807.8s 595 batch 040/51  loss=0.9328  avg=1.2167
808.0s 596 batch 040/51  loss=0.9328  avg=1.2167
816.7s 597 batch 050/51  loss=0.8359  avg=1.1449
816.9s 598 batch 050/51  loss=0.8359  avg=1.1449
818.0s 599 batch 051/51  loss=0.9502  avg=1.1411
818.2s 600 batch 051/51  loss=0.9502  avg=1.1411
822.8s 601 loss=1.1411  val_f1=0.7739  val_acc=0.7917  lr=9.99e-05  stale=0/10  *** BEST ***
822.8s 602 psoriasis      P=0.391  R=0.600  F1=0.474
822.8s 603 atopy          P=0.800  R=0.875  F1=0.836
822.8s 604 acne           P=0.800  R=0.878  F1=0.837
822.8s 605 normal         P=1.000  R=1.000  F1=1.000
822.8s 606 rosacea        P=0.839  R=0.887  F1=0.862
822.8s 607 seborrheic     P=0.812  R=0.520  F1=0.634
822.8s 608 
822.8s 609 ────────────────────────────────────────────────────────────
822.8s 610 [epoch 002/50]  densenet
823.0s 611 loss=1.1411  val_f1=0.7739  val_acc=0.7917  lr=9.99e-05  stale=0/10  *** BEST ***
823.0s 612 psoriasis      P=0.391  R=0.600  F1=0.474
823.0s 613 atopy          P=0.800  R=0.875  F1=0.836
823.0s 614 acne           P=0.800  R=0.878  F1=0.837
823.0s 615 normal         P=1.000  R=1.000  F1=1.000
823.0s 616 rosacea        P=0.839  R=0.887  F1=0.862
823.0s 617 seborrheic     P=0.812  R=0.520  F1=0.634
823.0s 618 
823.0s 619 ────────────────────────────────────────────────────────────
823.0s 620 [epoch 002/50]  densenet
824.9s 621 batch 001/51  loss=0.7223  avg=0.7223
825.1s 622 batch 001/51  loss=0.7223  avg=0.7223
832.9s 623 batch 010/51  loss=0.5918  avg=0.7194
833.1s 624 batch 010/51  loss=0.5918  avg=0.7194
842.2s 625 batch 020/51  loss=0.7043  avg=0.6972
842.4s 626 batch 020/51  loss=0.7043  avg=0.6972
851.3s 627 batch 030/51  loss=0.7482  avg=0.6780
851.5s 628 batch 030/51  loss=0.7482  avg=0.6780
860.8s 629 batch 040/51  loss=0.7216  avg=0.6755
861.0s 630 batch 040/51  loss=0.7216  avg=0.6755
869.8s 631 batch 050/51  loss=0.6143  avg=0.6695
870.0s 632 batch 050/51  loss=0.6143  avg=0.6695
871.1s 633 batch 051/51  loss=0.5823  avg=0.6678
871.3s 634 batch 051/51  loss=0.5823  avg=0.6678
875.9s 635 loss=0.6678  val_f1=0.8091  val_acc=0.8472  lr=9.96e-05  stale=0/10  *** BEST ***
875.9s 636 psoriasis      P=0.714  R=0.333  F1=0.455
875.9s 637 atopy          P=0.900  R=0.844  F1=0.871
875.9s 638 acne           P=0.804  R=0.902  F1=0.851
875.9s 639 normal         P=1.000  R=1.000  F1=1.000
875.9s 640 rosacea        P=0.823  R=0.962  F1=0.887
875.9s 641 seborrheic     P=0.826  R=0.760  F1=0.792
875.9s 642 
875.9s 643 ────────────────────────────────────────────────────────────
875.9s 644 [epoch 003/50]  densenet
876.1s 645 loss=0.6678  val_f1=0.8091  val_acc=0.8472  lr=9.96e-05  stale=0/10  *** BEST ***
876.1s 646 psoriasis      P=0.714  R=0.333  F1=0.455
876.1s 647 atopy          P=0.900  R=0.844  F1=0.871
876.1s 648 acne           P=0.804  R=0.902  F1=0.851
876.1s 649 normal         P=1.000  R=1.000  F1=1.000
876.1s 650 rosacea        P=0.823  R=0.962  F1=0.887
876.1s 651 seborrheic     P=0.826  R=0.760  F1=0.792
876.1s 652 
876.1s 653 ────────────────────────────────────────────────────────────
876.1s 654 [epoch 003/50]  densenet
878.1s 655 batch 001/51  loss=0.4658  avg=0.4658
878.3s 656 batch 001/51  loss=0.4658  avg=0.4658
885.9s 657 batch 010/51  loss=0.5489  avg=0.5354
886.1s 658 batch 010/51  loss=0.5489  avg=0.5354
894.9s 659 batch 020/51  loss=0.6331  avg=0.5292
895.2s 660 batch 020/51  loss=0.6331  avg=0.5292
904.6s 661 batch 030/51  loss=0.4966  avg=0.5414
904.8s 662 batch 030/51  loss=0.4966  avg=0.5414
913.5s 663 batch 040/51  loss=0.6098  avg=0.5352
913.7s 664 batch 040/51  loss=0.6098  avg=0.5352
922.7s 665 batch 050/51  loss=0.5051  avg=0.5289
922.9s 666 batch 050/51  loss=0.5051  avg=0.5289
924.0s 667 batch 051/51  loss=0.4820  avg=0.5280
924.2s 668 batch 051/51  loss=0.4820  avg=0.5280
928.8s 669 loss=0.5280  val_f1=0.8389  val_acc=0.8565  lr=9.91e-05  stale=0/10  *** BEST ***
928.8s 670 psoriasis      P=0.600  R=0.600  F1=0.600
928.8s 671 atopy          P=0.926  R=0.781  F1=0.848
928.8s 672 acne           P=0.881  R=0.902  F1=0.892
928.8s 673 normal         P=1.000  R=1.000  F1=1.000
928.8s 674 rosacea        P=0.906  R=0.906  F1=0.906
928.8s 675 seborrheic     P=0.759  R=0.820  F1=0.788
928.8s 676 
928.8s 677 ────────────────────────────────────────────────────────────
928.8s 678 [epoch 004/50]  densenet
929.0s 679 loss=0.5280  val_f1=0.8389  val_acc=0.8565  lr=9.91e-05  stale=0/10  *** BEST ***
929.0s 680 psoriasis      P=0.600  R=0.600  F1=0.600
929.0s 681 atopy          P=0.926  R=0.781  F1=0.848
929.0s 682 acne           P=0.881  R=0.902  F1=0.892
929.0s 683 normal         P=1.000  R=1.000  F1=1.000
929.0s 684 rosacea        P=0.906  R=0.906  F1=0.906
929.0s 685 seborrheic     P=0.759  R=0.820  F1=0.788
929.0s 686 
929.0s 687 ────────────────────────────────────────────────────────────
929.0s 688 [epoch 004/50]  densenet
931.0s 689 batch 001/51  loss=0.4717  avg=0.4717
931.2s 690 batch 001/51  loss=0.4717  avg=0.4717
938.6s 691 batch 010/51  loss=0.5379  avg=0.5000
938.8s 692 batch 010/51  loss=0.5379  avg=0.5000
947.9s 693 batch 020/51  loss=0.4953  avg=0.4996
948.1s 694 batch 020/51  loss=0.4953  avg=0.4996
957.5s 695 batch 030/51  loss=0.4589  avg=0.4950
957.7s 696 batch 030/51  loss=0.4589  avg=0.4950
966.8s 697 batch 040/51  loss=0.4562  avg=0.4928
967.0s 698 batch 040/51  loss=0.4562  avg=0.4928
976.1s 699 batch 050/51  loss=0.4946  avg=0.4941
976.3s 700 batch 050/51  loss=0.4946  avg=0.4941
976.7s 701 batch 051/51  loss=0.4831  avg=0.4939
976.9s 702 batch 051/51  loss=0.4831  avg=0.4939
981.6s 703 loss=0.4939  val_f1=0.8150  val_acc=0.8426  lr=9.84e-05  stale=1/10
981.6s 704 psoriasis      P=0.533  R=0.533  F1=0.533
981.6s 705 atopy          P=0.920  R=0.719  F1=0.807
981.6s 706 acne           P=0.857  R=0.878  F1=0.868
981.6s 707 normal         P=1.000  R=0.960  F1=0.980
981.6s 708 rosacea        P=0.850  R=0.962  F1=0.903
981.6s 709 seborrheic     P=0.800  R=0.800  F1=0.800
981.6s 710 
981.6s 711 ────────────────────────────────────────────────────────────
981.6s 712 [epoch 005/50]  densenet
981.8s 713 loss=0.4939  val_f1=0.8150  val_acc=0.8426  lr=9.84e-05  stale=1/10
981.8s 714 psoriasis      P=0.533  R=0.533  F1=0.533
981.8s 715 atopy          P=0.920  R=0.719  F1=0.807
981.8s 716 acne           P=0.857  R=0.878  F1=0.868
981.8s 717 normal         P=1.000  R=0.960  F1=0.980
981.8s 718 rosacea        P=0.850  R=0.962  F1=0.903
981.8s 719 seborrheic     P=0.800  R=0.800  F1=0.800
981.8s 720 
981.8s 721 ────────────────────────────────────────────────────────────
981.8s 722 [epoch 005/50]  densenet
983.9s 723 batch 001/51  loss=0.4769  avg=0.4769
984.1s 724 batch 001/51  loss=0.4769  avg=0.4769
992.0s 725 batch 010/51  loss=0.4817  avg=0.4664
992.2s 726 batch 010/51  loss=0.4817  avg=0.4664
1001.0s 727 batch 020/51  loss=0.4716  avg=0.4695
1001.2s 728 batch 020/51  loss=0.4716  avg=0.4695
1010.4s 729 batch 030/51  loss=0.4561  avg=0.4685
1010.6s 730 batch 030/51  loss=0.4561  avg=0.4685
1019.7s 731 batch 040/51  loss=0.4604  avg=0.4688
1019.9s 732 batch 040/51  loss=0.4604  avg=0.4688
1029.3s 733 batch 050/51  loss=0.4930  avg=0.4707
1029.5s 734 batch 050/51  loss=0.4930  avg=0.4707
1030.6s 735 batch 051/51  loss=0.4596  avg=0.4705
1030.8s 736 batch 051/51  loss=0.4596  avg=0.4705
1035.6s 737 loss=0.4705  val_f1=0.8328  val_acc=0.8565  lr=9.76e-05  stale=2/10
1035.6s 738 psoriasis      P=1.000  R=0.400  F1=0.571
1035.6s 739 atopy          P=0.929  R=0.812  F1=0.867
1035.6s 740 acne           P=0.812  R=0.951  F1=0.876
1035.6s 741 normal         P=1.000  R=1.000  F1=1.000
1035.6s 742 rosacea        P=0.920  R=0.868  F1=0.893
1035.6s 743 seborrheic     P=0.729  R=0.860  F1=0.789
1035.6s 744 
1035.6s 745 ────────────────────────────────────────────────────────────
1035.6s 746 [epoch 006/50]  densenet
1035.8s 747 loss=0.4705  val_f1=0.8328  val_acc=0.8565  lr=9.76e-05  stale=2/10
1035.8s 748 psoriasis      P=1.000  R=0.400  F1=0.571
1035.8s 749 atopy          P=0.929  R=0.812  F1=0.867
1035.8s 750 acne           P=0.812  R=0.951  F1=0.876
1035.8s 751 normal         P=1.000  R=1.000  F1=1.000
1035.8s 752 rosacea        P=0.920  R=0.868  F1=0.893
1035.8s 753 seborrheic     P=0.729  R=0.860  F1=0.789
1035.8s 754 
1035.8s 755 ────────────────────────────────────────────────────────────
1035.8s 756 [epoch 006/50]  densenet
1038.1s 757 batch 001/51  loss=0.4572  avg=0.4572
1038.3s 758 batch 001/51  loss=0.4572  avg=0.4572
1045.8s 759 batch 010/51  loss=0.4690  avg=0.4614
1046.0s 760 batch 010/51  loss=0.4690  avg=0.4614
1055.3s 761 batch 020/51  loss=0.4483  avg=0.4641
1055.5s 762 batch 020/51  loss=0.4483  avg=0.4641
1064.7s 763 batch 030/51  loss=0.4793  avg=0.4628
1064.9s 764 batch 030/51  loss=0.4793  avg=0.4628
1073.8s 765 batch 040/51  loss=0.4684  avg=0.4645
1074.0s 766 batch 040/51  loss=0.4684  avg=0.4645
1083.0s 767 batch 050/51  loss=0.4801  avg=0.4645
1083.2s 768 batch 050/51  loss=0.4801  avg=0.4645
1084.3s 769 batch 051/51  loss=0.4555  avg=0.4643
1084.5s 770 batch 051/51  loss=0.4555  avg=0.4643
1089.1s 771 loss=0.4643  val_f1=0.8662  val_acc=0.8796  lr=9.65e-05  stale=0/10  *** BEST ***
1089.1s 772 psoriasis      P=0.750  R=0.600  F1=0.667
1089.1s 773 atopy          P=0.964  R=0.844  F1=0.900
1089.1s 774 acne           P=0.854  R=1.000  F1=0.921
1089.1s 775 normal         P=1.000  R=1.000  F1=1.000
1089.1s 776 rosacea        P=0.918  R=0.849  F1=0.882
1089.1s 777 seborrheic     P=0.796  R=0.860  F1=0.827
1089.1s 778 
1089.1s 779 ────────────────────────────────────────────────────────────
1089.1s 780 [epoch 007/50]  densenet
1089.3s 781 loss=0.4643  val_f1=0.8662  val_acc=0.8796  lr=9.65e-05  stale=0/10  *** BEST ***
1089.3s 782 psoriasis      P=0.750  R=0.600  F1=0.667
1089.3s 783 atopy          P=0.964  R=0.844  F1=0.900
1089.3s 784 acne           P=0.854  R=1.000  F1=0.921
1089.3s 785 normal         P=1.000  R=1.000  F1=1.000
1089.3s 786 rosacea        P=0.918  R=0.849  F1=0.882
1089.3s 787 seborrheic     P=0.796  R=0.860  F1=0.827
1089.3s 788 
1089.3s 789 ────────────────────────────────────────────────────────────
1089.3s 790 [epoch 007/50]  densenet
1091.5s 791 batch 001/51  loss=0.4540  avg=0.4540
1091.7s 792 batch 001/51  loss=0.4540  avg=0.4540
1099.4s 793 batch 010/51  loss=0.4593  avg=0.4624
1099.6s 794 batch 010/51  loss=0.4593  avg=0.4624
1108.9s 795 batch 020/51  loss=0.4522  avg=0.4591
1109.2s 796 batch 020/51  loss=0.4522  avg=0.4591
1118.3s 797 batch 030/51  loss=0.4456  avg=0.4563
1118.5s 798 batch 030/51  loss=0.4456  avg=0.4563
1127.6s 799 batch 040/51  loss=0.4652  avg=0.4565
1127.8s 800 batch 040/51  loss=0.4652  avg=0.4565
1136.8s 801 batch 050/51  loss=0.4893  avg=0.4567
1137.0s 802 batch 050/51  loss=0.4893  avg=0.4567
1138.1s 803 batch 051/51  loss=0.4509  avg=0.4566
1138.3s 804 batch 051/51  loss=0.4509  avg=0.4566
1143.0s 805 loss=0.4566  val_f1=0.8578  val_acc=0.8796  lr=9.53e-05  stale=1/10
1143.0s 806 psoriasis      P=0.526  R=0.667  F1=0.588
1143.0s 807 atopy          P=0.875  R=0.875  F1=0.875
1143.0s 808 acne           P=0.923  R=0.878  F1=0.900
1143.0s 809 normal         P=1.000  R=1.000  F1=1.000
1143.0s 810 rosacea        P=0.960  R=0.906  F1=0.932
1143.0s 811 seborrheic     P=0.843  R=0.860  F1=0.852
1143.0s 812 
1143.0s 813 ────────────────────────────────────────────────────────────
1143.0s 814 [epoch 008/50]  densenet
1143.2s 815 loss=0.4566  val_f1=0.8578  val_acc=0.8796  lr=9.53e-05  stale=1/10
1143.2s 816 psoriasis      P=0.526  R=0.667  F1=0.588
1143.2s 817 atopy          P=0.875  R=0.875  F1=0.875
1143.2s 818 acne           P=0.923  R=0.878  F1=0.900
1143.2s 819 normal         P=1.000  R=1.000  F1=1.000
1143.2s 820 rosacea        P=0.960  R=0.906  F1=0.932
1143.2s 821 seborrheic     P=0.843  R=0.860  F1=0.852
1143.2s 822 
1143.2s 823 ────────────────────────────────────────────────────────────
1143.2s 824 [epoch 008/50]  densenet
1145.2s 825 batch 001/51  loss=0.4430  avg=0.4430
1145.4s 826 batch 001/51  loss=0.4430  avg=0.4430
1153.1s 827 batch 010/51  loss=0.4431  avg=0.4561
1153.3s 828 batch 010/51  loss=0.4431  avg=0.4561
1162.4s 829 batch 020/51  loss=0.4703  avg=0.4549
1162.6s 830 batch 020/51  loss=0.4703  avg=0.4549
1171.5s 831 batch 030/51  loss=0.4415  avg=0.4528
1171.7s 832 batch 030/51  loss=0.4415  avg=0.4528
1180.7s 833 batch 040/51  loss=0.4544  avg=0.4527
1181.0s 834 batch 040/51  loss=0.4544  avg=0.4527
1189.7s 835 batch 050/51  loss=0.4662  avg=0.4538
1189.9s 836 batch 050/51  loss=0.4662  avg=0.4538
1190.9s 837 batch 051/51  loss=0.4505  avg=0.4537
1191.1s 838 batch 051/51  loss=0.4505  avg=0.4537
1195.7s 839 loss=0.4537  val_f1=0.8286  val_acc=0.8472  lr=9.39e-05  stale=2/10
1195.7s 840 psoriasis      P=0.727  R=0.533  F1=0.615
1195.7s 841 atopy          P=0.818  R=0.844  F1=0.831
1195.7s 842 acne           P=0.760  R=0.927  F1=0.835
1195.7s 843 normal         P=1.000  R=1.000  F1=1.000
1195.7s 844 rosacea        P=0.891  R=0.924  F1=0.907
1195.7s 845 seborrheic     P=0.857  R=0.720  F1=0.783
1195.7s 846 
1195.7s 847 ────────────────────────────────────────────────────────────
1195.7s 848 [epoch 009/50]  densenet
1195.9s 849 loss=0.4537  val_f1=0.8286  val_acc=0.8472  lr=9.39e-05  stale=2/10
1195.9s 850 psoriasis      P=0.727  R=0.533  F1=0.615
1195.9s 851 atopy          P=0.818  R=0.844  F1=0.831
1195.9s 852 acne           P=0.760  R=0.927  F1=0.835
1195.9s 853 normal         P=1.000  R=1.000  F1=1.000
1195.9s 854 rosacea        P=0.891  R=0.924  F1=0.907
1195.9s 855 seborrheic     P=0.857  R=0.720  F1=0.783
1195.9s 856 
1195.9s 857 ────────────────────────────────────────────────────────────
1195.9s 858 [epoch 009/50]  densenet
1198.0s 859 batch 001/51  loss=0.4516  avg=0.4516
1198.3s 860 batch 001/51  loss=0.4516  avg=0.4516
1205.8s 861 batch 010/51  loss=0.4622  avg=0.4613
1206.0s 862 batch 010/51  loss=0.4622  avg=0.4613
1215.0s 863 batch 020/51  loss=0.4477  avg=0.4548
1215.2s 864 batch 020/51  loss=0.4477  avg=0.4548
1224.3s 865 batch 030/51  loss=0.4436  avg=0.4540
1224.5s 866 batch 030/51  loss=0.4436  avg=0.4540
1233.6s 867 batch 040/51  loss=0.4460  avg=0.4527
1233.8s 868 batch 040/51  loss=0.4460  avg=0.4527
1242.6s 869 batch 050/51  loss=0.4412  avg=0.4514
1242.8s 870 batch 050/51  loss=0.4412  avg=0.4514
1243.7s 871 batch 051/51  loss=0.4423  avg=0.4512
1243.9s 872 batch 051/51  loss=0.4423  avg=0.4512
1248.4s 873 loss=0.4512  val_f1=0.8456  val_acc=0.8704  lr=9.23e-05  stale=3/10
1248.4s 874 psoriasis      P=0.778  R=0.467  F1=0.583
1248.4s 875 atopy          P=0.871  R=0.844  F1=0.857
1248.4s 876 acne           P=0.972  R=0.854  F1=0.909
1248.4s 877 normal         P=1.000  R=1.000  F1=1.000
1248.4s 878 rosacea        P=0.877  R=0.943  F1=0.909
1248.4s 879 seborrheic     P=0.759  R=0.880  F1=0.815
1248.4s 880 
1248.4s 881 ────────────────────────────────────────────────────────────
1248.4s 882 [epoch 010/50]  densenet
1248.6s 883 loss=0.4512  val_f1=0.8456  val_acc=0.8704  lr=9.23e-05  stale=3/10
1248.6s 884 psoriasis      P=0.778  R=0.467  F1=0.583
1248.6s 885 atopy          P=0.871  R=0.844  F1=0.857
1248.6s 886 acne           P=0.972  R=0.854  F1=0.909
1248.6s 887 normal         P=1.000  R=1.000  F1=1.000
1248.6s 888 rosacea        P=0.877  R=0.943  F1=0.909
1248.6s 889 seborrheic     P=0.759  R=0.880  F1=0.815
1248.6s 890 
1248.6s 891 ────────────────────────────────────────────────────────────
1248.6s 892 [epoch 010/50]  densenet
1250.7s 893 batch 001/51  loss=0.4521  avg=0.4521
1250.9s 894 batch 001/51  loss=0.4521  avg=0.4521
1258.4s 895 batch 010/51  loss=0.4425  avg=0.4439
1258.6s 896 batch 010/51  loss=0.4425  avg=0.4439
1267.9s 897 batch 020/51  loss=0.4993  avg=0.4512
1268.1s 898 batch 020/51  loss=0.4993  avg=0.4512
1276.8s 899 batch 030/51  loss=0.4421  avg=0.4509
1277.0s 900 batch 030/51  loss=0.4421  avg=0.4509
1286.1s 901 batch 040/51  loss=0.4413  avg=0.4514
1286.3s 902 batch 040/51  loss=0.4413  avg=0.4514
1295.1s 903 batch 050/51  loss=0.4439  avg=0.4522
1295.3s 904 batch 050/51  loss=0.4439  avg=0.4522
1296.3s 905 batch 051/51  loss=0.4450  avg=0.4521
1296.5s 906 batch 051/51  loss=0.4450  avg=0.4521
1301.2s 907 loss=0.4521  val_f1=0.8359  val_acc=0.8565  lr=9.05e-05  stale=4/10
1301.2s 908 psoriasis      P=0.458  R=0.733  F1=0.564
1301.2s 909 atopy          P=0.871  R=0.844  F1=0.857
1301.2s 910 acne           P=0.861  R=0.902  F1=0.881
1301.2s 911 normal         P=1.000  R=1.000  F1=1.000
1301.2s 912 rosacea        P=0.946  R=0.981  F1=0.963
1301.2s 913 seborrheic     P=0.868  R=0.660  F1=0.750
1301.2s 914 
1301.2s 915 ────────────────────────────────────────────────────────────
1301.2s 916 [epoch 011/50]  densenet
1301.4s 917 loss=0.4521  val_f1=0.8359  val_acc=0.8565  lr=9.05e-05  stale=4/10
1301.4s 918 psoriasis      P=0.458  R=0.733  F1=0.564
1301.4s 919 atopy          P=0.871  R=0.844  F1=0.857
1301.4s 920 acne           P=0.861  R=0.902  F1=0.881
1301.4s 921 normal         P=1.000  R=1.000  F1=1.000
1301.4s 922 rosacea        P=0.946  R=0.981  F1=0.963
1301.4s 923 seborrheic     P=0.868  R=0.660  F1=0.750
1301.4s 924 
1301.4s 925 ────────────────────────────────────────────────────────────
1301.4s 926 [epoch 011/50]  densenet
1303.5s 927 batch 001/51  loss=0.4595  avg=0.4595
1303.7s 928 batch 001/51  loss=0.4595  avg=0.4595
1311.5s 929 batch 010/51  loss=0.4477  avg=0.4524
1311.7s 930 batch 010/51  loss=0.4477  avg=0.4524
1321.1s 931 batch 020/51  loss=0.4964  avg=0.4516
1321.4s 932 batch 020/51  loss=0.4964  avg=0.4516
1330.7s 933 batch 030/51  loss=0.4413  avg=0.4511
1330.9s 934 batch 030/51  loss=0.4413  avg=0.4511
1340.0s 935 batch 040/51  loss=0.4624  avg=0.4537
1340.2s 936 batch 040/51  loss=0.4624  avg=0.4537
1349.2s 937 batch 050/51  loss=0.4617  avg=0.4525
1349.4s 938 batch 050/51  loss=0.4617  avg=0.4525
1350.5s 939 batch 051/51  loss=0.4682  avg=0.4528
1350.7s 940 batch 051/51  loss=0.4682  avg=0.4528
1355.3s 941 loss=0.4528  val_f1=0.8426  val_acc=0.8657  lr=8.86e-05  stale=5/10
1355.3s 942 psoriasis      P=0.778  R=0.467  F1=0.583
1355.3s 943 atopy          P=0.964  R=0.844  F1=0.900
1355.3s 944 acne           P=0.833  R=0.976  F1=0.899
1355.3s 945 normal         P=1.000  R=1.000  F1=1.000
1355.3s 946 rosacea        P=0.836  R=0.962  F1=0.895
1355.3s 947 seborrheic     P=0.822  R=0.740  F1=0.779
1355.3s 948 
1355.3s 949 ────────────────────────────────────────────────────────────
1355.3s 950 [epoch 012/50]  densenet
1355.5s 951 loss=0.4528  val_f1=0.8426  val_acc=0.8657  lr=8.86e-05  stale=5/10
1355.5s 952 psoriasis      P=0.778  R=0.467  F1=0.583
1355.5s 953 atopy          P=0.964  R=0.844  F1=0.900
1355.5s 954 acne           P=0.833  R=0.976  F1=0.899
1355.5s 955 normal         P=1.000  R=1.000  F1=1.000
1355.5s 956 rosacea        P=0.836  R=0.962  F1=0.895
1355.5s 957 seborrheic     P=0.822  R=0.740  F1=0.779
1355.5s 958 
1355.5s 959 ────────────────────────────────────────────────────────────
1355.5s 960 [epoch 012/50]  densenet
1357.6s 961 batch 001/51  loss=0.4577  avg=0.4577
1357.8s 962 batch 001/51  loss=0.4577  avg=0.4577
1365.2s 963 batch 010/51  loss=0.4434  avg=0.4534
1365.4s 964 batch 010/51  loss=0.4434  avg=0.4534
1374.6s 965 batch 020/51  loss=0.4488  avg=0.4517
1374.8s 966 batch 020/51  loss=0.4488  avg=0.4517
1384.1s 967 batch 030/51  loss=0.4641  avg=0.4514
1384.3s 968 batch 030/51  loss=0.4641  avg=0.4514
1393.4s 969 batch 040/51  loss=0.4573  avg=0.4512
1393.6s 970 batch 040/51  loss=0.4573  avg=0.4512
1402.8s 971 batch 050/51  loss=0.4477  avg=0.4510
1403.0s 972 batch 050/51  loss=0.4477  avg=0.4510
1403.8s 973 batch 051/51  loss=0.4459  avg=0.4509
1404.0s 974 batch 051/51  loss=0.4459  avg=0.4509
1408.7s 975 loss=0.4509  val_f1=0.8455  val_acc=0.8704  lr=8.66e-05  stale=6/10
1408.7s 976 psoriasis      P=0.615  R=0.533  F1=0.571
1408.7s 977 atopy          P=0.900  R=0.844  F1=0.871
1408.7s 978 acne           P=0.971  R=0.829  F1=0.895
1408.7s 979 normal         P=1.000  R=1.000  F1=1.000
1408.7s 980 rosacea        P=0.867  R=0.981  F1=0.920
1408.7s 981 seborrheic     P=0.792  R=0.840  F1=0.816
1408.7s 982 
1408.7s 983 ────────────────────────────────────────────────────────────
1408.7s 984 [epoch 013/50]  densenet
1408.9s 985 loss=0.4509  val_f1=0.8455  val_acc=0.8704  lr=8.66e-05  stale=6/10
1408.9s 986 psoriasis      P=0.615  R=0.533  F1=0.571
1408.9s 987 atopy          P=0.900  R=0.844  F1=0.871
1408.9s 988 acne           P=0.971  R=0.829  F1=0.895
1408.9s 989 normal         P=1.000  R=1.000  F1=1.000
1408.9s 990 rosacea        P=0.867  R=0.981  F1=0.920
1408.9s 991 seborrheic     P=0.792  R=0.840  F1=0.816
1408.9s 992 
1408.9s 993 ────────────────────────────────────────────────────────────
1408.9s 994 [epoch 013/50]  densenet
1411.1s 995 batch 001/51  loss=0.4404  avg=0.4404
1411.3s 996 batch 001/51  loss=0.4404  avg=0.4404
1419.2s 997 batch 010/51  loss=0.4437  avg=0.4494
1419.4s 998 batch 010/51  loss=0.4437  avg=0.4494
1428.4s 999 batch 020/51  loss=0.4448  avg=0.4485
1428.6s 1000 batch 020/51  loss=0.4448  avg=0.4485
1437.4s 1001 batch 030/51  loss=0.4404  avg=0.4473
1437.6s 1002 batch 030/51  loss=0.4404  avg=0.4473
1446.4s 1003 batch 040/51  loss=0.4439  avg=0.4458
1446.6s 1004 batch 040/51  loss=0.4439  avg=0.4458
1455.7s 1005 batch 050/51  loss=0.4404  avg=0.4467
1455.9s 1006 batch 050/51  loss=0.4404  avg=0.4467
1456.9s 1007 batch 051/51  loss=0.4548  avg=0.4469
1457.1s 1008 batch 051/51  loss=0.4548  avg=0.4469
1461.7s 1009 loss=0.4469  val_f1=0.8572  val_acc=0.8750  lr=8.44e-05  stale=7/10
1461.7s 1010 psoriasis      P=0.800  R=0.533  F1=0.640
1461.7s 1011 atopy          P=0.900  R=0.844  F1=0.871
1461.7s 1012 acne           P=0.921  R=0.854  F1=0.886
1461.7s 1013 normal         P=1.000  R=1.000  F1=1.000
1461.7s 1014 rosacea        P=0.961  R=0.924  F1=0.942
1461.7s 1015 seborrheic     P=0.726  R=0.900  F1=0.804
1461.7s 1016 
1461.7s 1017 ────────────────────────────────────────────────────────────
1461.7s 1018 [epoch 014/50]  densenet
1461.9s 1019 loss=0.4469  val_f1=0.8572  val_acc=0.8750  lr=8.44e-05  stale=7/10
1461.9s 1020 psoriasis      P=0.800  R=0.533  F1=0.640
1461.9s 1021 atopy          P=0.900  R=0.844  F1=0.871
1461.9s 1022 acne           P=0.921  R=0.854  F1=0.886
1461.9s 1023 normal         P=1.000  R=1.000  F1=1.000
1461.9s 1024 rosacea        P=0.961  R=0.924  F1=0.942
1461.9s 1025 seborrheic     P=0.726  R=0.900  F1=0.804
1461.9s 1026 
1461.9s 1027 ────────────────────────────────────────────────────────────
1461.9s 1028 [epoch 014/50]  densenet
1464.0s 1029 batch 001/51  loss=0.4495  avg=0.4495
1464.2s 1030 batch 001/51  loss=0.4495  avg=0.4495
1471.7s 1031 batch 010/51  loss=0.4428  avg=0.4436
1471.9s 1032 batch 010/51  loss=0.4428  avg=0.4436
1481.1s 1033 batch 020/51  loss=0.4399  avg=0.4441
1481.3s 1034 batch 020/51  loss=0.4399  avg=0.4441
1490.4s 1035 batch 030/51  loss=0.4394  avg=0.4438
1490.6s 1036 batch 030/51  loss=0.4394  avg=0.4438
1499.8s 1037 batch 040/51  loss=0.4397  avg=0.4429
1500.0s 1038 batch 040/51  loss=0.4397  avg=0.4429
1509.1s 1039 batch 050/51  loss=0.4380  avg=0.4423
1509.3s 1040 batch 050/51  loss=0.4380  avg=0.4423
1510.4s 1041 batch 051/51  loss=0.4371  avg=0.4422
1510.6s 1042 batch 051/51  loss=0.4371  avg=0.4422
1515.4s 1043 loss=0.4422  val_f1=0.8475  val_acc=0.8704  lr=8.21e-05  stale=8/10
1515.4s 1044 psoriasis      P=0.667  R=0.533  F1=0.593
1515.4s 1045 atopy          P=0.900  R=0.844  F1=0.871
1515.4s 1046 acne           P=0.946  R=0.854  F1=0.897
1515.4s 1047 normal         P=1.000  R=1.000  F1=1.000
1515.4s 1048 rosacea        P=0.853  R=0.981  F1=0.912
1515.4s 1049 seborrheic     P=0.804  R=0.820  F1=0.812
1515.4s 1050 
1515.4s 1051 ────────────────────────────────────────────────────────────
1515.4s 1052 [epoch 015/50]  densenet
1515.6s 1053 loss=0.4422  val_f1=0.8475  val_acc=0.8704  lr=8.21e-05  stale=8/10
1515.6s 1054 psoriasis      P=0.667  R=0.533  F1=0.593
1515.6s 1055 atopy          P=0.900  R=0.844  F1=0.871
1515.6s 1056 acne           P=0.946  R=0.854  F1=0.897
1515.6s 1057 normal         P=1.000  R=1.000  F1=1.000
1515.6s 1058 rosacea        P=0.853  R=0.981  F1=0.912
1515.6s 1059 seborrheic     P=0.804  R=0.820  F1=0.812
1515.6s 1060 
1515.6s 1061 ────────────────────────────────────────────────────────────
1515.6s 1062 [epoch 015/50]  densenet
1517.7s 1063 batch 001/51  loss=0.4401  avg=0.4401
1517.9s 1064 batch 001/51  loss=0.4401  avg=0.4401
1525.5s 1065 batch 010/51  loss=0.4367  avg=0.4418
1525.7s 1066 batch 010/51  loss=0.4367  avg=0.4418
1534.7s 1067 batch 020/51  loss=0.4341  avg=0.4393
1534.9s 1068 batch 020/51  loss=0.4341  avg=0.4393
1543.9s 1069 batch 030/51  loss=0.4328  avg=0.4395
1544.1s 1070 batch 030/51  loss=0.4328  avg=0.4395
1552.9s 1071 batch 040/51  loss=0.4346  avg=0.4413
1553.1s 1072 batch 040/51  loss=0.4346  avg=0.4413
1562.2s 1073 batch 050/51  loss=0.4393  avg=0.4413
1562.4s 1074 batch 050/51  loss=0.4393  avg=0.4413
1563.3s 1075 batch 051/51  loss=0.4450  avg=0.4413
1563.5s 1076 batch 051/51  loss=0.4450  avg=0.4413
1568.1s 1077 loss=0.4413  val_f1=0.8364  val_acc=0.8611  lr=7.96e-05  stale=9/10
1568.1s 1078 psoriasis      P=0.667  R=0.533  F1=0.593
1568.1s 1079 atopy          P=0.897  R=0.812  F1=0.853
1568.1s 1080 acne           P=0.861  R=0.902  F1=0.881
1568.1s 1081 normal         P=0.962  R=1.000  F1=0.980
1568.1s 1082 rosacea        P=0.867  R=0.981  F1=0.920
1568.1s 1083 seborrheic     P=0.826  R=0.760  F1=0.792
1568.1s 1084 
1568.1s 1085 ────────────────────────────────────────────────────────────
1568.1s 1086 [epoch 016/50]  densenet
1568.3s 1087 loss=0.4413  val_f1=0.8364  val_acc=0.8611  lr=7.96e-05  stale=9/10
1568.3s 1088 psoriasis      P=0.667  R=0.533  F1=0.593
1568.3s 1089 atopy          P=0.897  R=0.812  F1=0.853
1568.3s 1090 acne           P=0.861  R=0.902  F1=0.881
1568.3s 1091 normal         P=0.962  R=1.000  F1=0.980
1568.3s 1092 rosacea        P=0.867  R=0.981  F1=0.920
1568.3s 1093 seborrheic     P=0.826  R=0.760  F1=0.792
1568.3s 1094 
1568.3s 1095 ────────────────────────────────────────────────────────────
1568.3s 1096 [epoch 016/50]  densenet
1570.4s 1097 batch 001/51  loss=0.4344  avg=0.4344
1570.6s 1098 batch 001/51  loss=0.4344  avg=0.4344
1578.0s 1099 batch 010/51  loss=0.4402  avg=0.4391
1578.2s 1100 batch 010/51  loss=0.4402  avg=0.4391
1586.9s 1101 batch 020/51  loss=0.4366  avg=0.4393
1587.1s 1102 batch 020/51  loss=0.4366  avg=0.4393
1596.2s 1103 batch 030/51  loss=0.4364  avg=0.4393
1596.4s 1104 batch 030/51  loss=0.4364  avg=0.4393
1605.2s 1105 batch 040/51  loss=0.4358  avg=0.4394
1605.4s 1106 batch 040/51  loss=0.4358  avg=0.4394
1614.4s 1107 batch 050/51  loss=0.4517  avg=0.4400
1614.6s 1108 batch 050/51  loss=0.4517  avg=0.4400
1615.6s 1109 batch 051/51  loss=0.4334  avg=0.4399
1615.8s 1110 batch 051/51  loss=0.4334  avg=0.4399
1620.4s 1111 loss=0.4399  val_f1=0.8371  val_acc=0.8611  lr=7.70e-05  stale=10/10
1620.4s 1112 psoriasis      P=0.571  R=0.533  F1=0.552
1620.4s 1113 atopy          P=0.900  R=0.844  F1=0.871
1620.4s 1114 acne           P=0.947  R=0.878  F1=0.911
1620.4s 1115 normal         P=1.000  R=1.000  F1=1.000
1620.4s 1116 rosacea        P=0.825  R=0.981  F1=0.897
1620.4s 1117 seborrheic     P=0.826  R=0.760  F1=0.792
1620.4s 1118 
1620.4s 1119 [early stop] epoch=16  best_epoch=6  best_f1=0.8662  stale=10
1620.4s 1120 
1620.4s 1121 [test]
1620.6s 1122 loss=0.4399  val_f1=0.8371  val_acc=0.8611  lr=7.70e-05  stale=10/10
1620.6s 1123 psoriasis      P=0.571  R=0.533  F1=0.552
1620.6s 1124 atopy          P=0.900  R=0.844  F1=0.871
1620.6s 1125 acne           P=0.947  R=0.878  F1=0.911
1620.6s 1126 normal         P=1.000  R=1.000  F1=1.000
1620.6s 1127 rosacea        P=0.825  R=0.981  F1=0.897
1620.6s 1128 seborrheic     P=0.826  R=0.760  F1=0.792
1620.6s 1129 
1620.6s 1130 [early stop] epoch=16  best_epoch=6  best_f1=0.8662  stale=10
1620.6s 1131 
1620.6s 1132 [test]
1625.8s 1133 acc=0.9022  f1=0.8976  recall=0.8925  conf=0.7983
1625.8s 1134 psoriasis      P=0.812  R=0.765  F1=0.788
1625.8s 1135 atopy          P=0.926  R=0.862  F1=0.893
1625.8s 1136 acne           P=0.918  R=0.918  F1=0.918
1625.8s 1137 normal         P=1.000  R=1.000  F1=1.000
1625.8s 1138 rosacea        P=0.959  R=0.887  F1=0.922
1625.8s 1139 seborrheic     P=0.814  R=0.923  F1=0.865
1625.8s 1140 [summary] /kaggle/working/outputs_20260504_064512/checkpoints/densenet/summary.json
1626.0s 1141 acc=0.9022  f1=0.8976  recall=0.8925  conf=0.7983
1626.0s 1142 psoriasis      P=0.812  R=0.765  F1=0.788
1626.0s 1143 atopy          P=0.926  R=0.862  F1=0.893
1626.0s 1144 acne           P=0.918  R=0.918  F1=0.918
1626.0s 1145 normal         P=1.000  R=1.000  F1=1.000
1626.0s 1146 rosacea        P=0.959  R=0.887  F1=0.922
1626.0s 1147 seborrheic     P=0.814  R=0.923  F1=0.865
1626.0s 1148 [summary] /kaggle/working/outputs_20260504_064512/checkpoints/densenet/summary.json
1627.4s 1149 [weights_pool] densenet_best.pth
1627.4s 1150 [done] densenet  exit_code=0  end=2026-05-04 07:12:02
1627.4s 1151 
1627.4s 1152 ============================================================
1627.4s 1153 [model] efficientnet  start=2026-05-04 07:12:02
1627.4s 1154 ============================================================
1627.6s 1155 [weights_pool] densenet_best.pth
1627.6s 1156 [done] densenet  exit_code=0  end=2026-05-04 07:12:02
1627.6s 1157 
1627.6s 1158 ============================================================
1627.6s 1159 [model] efficientnet  start=2026-05-04 07:12:02
1627.6s 1160 ============================================================
1631.4s 1161 [init] model=efficientnet  device=cuda  gpus=2
1631.4s 1162 epochs=50  min_epochs=10  patience=10  min_delta=0.001
1631.6s 1163 [init] model=efficientnet  device=cuda  gpus=2
1631.6s 1164 epochs=50  min_epochs=10  patience=10  min_delta=0.001
1632.7s 1165 [init] DataParallel: 2 GPUs
1632.9s 1166 
1632.9s 1167 ────────────────────────────────────────────────────────────
1632.9s 1168 [epoch 001/50]  efficientnet
1632.9s 1169 [init] DataParallel: 2 GPUs
1632.9s 1170 
1632.9s 1171 ────────────────────────────────────────────────────────────
1632.9s 1172 [epoch 001/50]  efficientnet
1637.7s 1173 batch 001/51  loss=1.7313  avg=1.7313
1637.9s 1174 batch 001/51  loss=1.7313  avg=1.7313
1646.4s 1175 batch 010/51  loss=1.7003  avg=1.7363
1646.6s 1176 batch 010/51  loss=1.7003  avg=1.7363
1658.0s 1177 batch 020/51  loss=1.3364  avg=1.6213
1658.2s 1178 batch 020/51  loss=1.3364  avg=1.6213
1669.2s 1179 batch 030/51  loss=1.2285  avg=1.5054
1669.5s 1180 batch 030/51  loss=1.2285  avg=1.5054
1679.9s 1181 batch 040/51  loss=1.0809  avg=1.3932
1680.1s 1182 batch 040/51  loss=1.0809  avg=1.3932
1691.0s 1183 batch 050/51  loss=0.8830  avg=1.3047
1691.2s 1184 batch 050/51  loss=0.8830  avg=1.3047
1691.9s 1185 batch 051/51  loss=0.9381  avg=1.2975
1692.1s 1186 batch 051/51  loss=0.9381  avg=1.2975
1697.2s 1187 loss=1.2975  val_f1=0.7481  val_acc=0.7593  lr=9.99e-05  stale=0/10  *** BEST ***
1697.2s 1188 psoriasis      P=0.583  R=0.467  F1=0.518
1697.2s 1189 atopy          P=0.812  R=0.812  F1=0.812
1697.2s 1190 acne           P=0.964  R=0.658  F1=0.783
1697.2s 1191 normal         P=1.000  R=0.920  F1=0.958
1697.2s 1192 rosacea        P=0.684  R=0.981  F1=0.806
1697.2s 1193 seborrheic     P=0.644  R=0.580  F1=0.611
1697.2s 1194 
1697.2s 1195 ────────────────────────────────────────────────────────────
1697.2s 1196 [epoch 002/50]  efficientnet
1697.4s 1197 loss=1.2975  val_f1=0.7481  val_acc=0.7593  lr=9.99e-05  stale=0/10  *** BEST ***
1697.4s 1198 psoriasis      P=0.583  R=0.467  F1=0.518
1697.4s 1199 atopy          P=0.812  R=0.812  F1=0.812
1697.4s 1200 acne           P=0.964  R=0.658  F1=0.783
1697.4s 1201 normal         P=1.000  R=0.920  F1=0.958
1697.4s 1202 rosacea        P=0.684  R=0.981  F1=0.806
1697.4s 1203 seborrheic     P=0.644  R=0.580  F1=0.611
1697.4s 1204 
1697.4s 1205 ────────────────────────────────────────────────────────────
1697.4s 1206 [epoch 002/50]  efficientnet
1700.1s 1207 batch 001/51  loss=0.7263  avg=0.7263
1700.3s 1208 batch 001/51  loss=0.7263  avg=0.7263
1710.3s 1209 batch 010/51  loss=0.7809  avg=0.7876
1710.5s 1210 batch 010/51  loss=0.7809  avg=0.7876
1721.5s 1211 batch 020/51  loss=0.8561  avg=0.7582
1721.7s 1212 batch 020/51  loss=0.8561  avg=0.7582
1732.8s 1213 batch 030/51  loss=0.5960  avg=0.7368
1733.0s 1214 batch 030/51  loss=0.5960  avg=0.7368
1744.3s 1215 batch 040/51  loss=0.6391  avg=0.7101
1744.5s 1216 batch 040/51  loss=0.6391  avg=0.7101
1755.3s 1217 batch 050/51  loss=0.6437  avg=0.6989
1755.5s 1218 batch 050/51  loss=0.6437  avg=0.6989
1756.3s 1219 batch 051/51  loss=0.6154  avg=0.6972
1756.5s 1220 batch 051/51  loss=0.6154  avg=0.6972
1761.8s 1221 loss=0.6972  val_f1=0.8449  val_acc=0.8750  lr=9.96e-05  stale=0/10  *** BEST ***
1761.8s 1222 psoriasis      P=0.700  R=0.467  F1=0.560
1761.8s 1223 atopy          P=0.824  R=0.875  F1=0.849
1761.8s 1224 acne           P=0.881  R=0.902  F1=0.892
1761.8s 1225 normal         P=1.000  R=1.000  F1=1.000
1761.8s 1226 rosacea        P=0.961  R=0.924  F1=0.942
1761.8s 1227 seborrheic     P=0.796  R=0.860  F1=0.827
1761.8s 1228 
1761.8s 1229 ────────────────────────────────────────────────────────────
1761.8s 1230 [epoch 003/50]  efficientnet
1762.0s 1231 loss=0.6972  val_f1=0.8449  val_acc=0.8750  lr=9.96e-05  stale=0/10  *** BEST ***
1762.0s 1232 psoriasis      P=0.700  R=0.467  F1=0.560
1762.0s 1233 atopy          P=0.824  R=0.875  F1=0.849
1762.0s 1234 acne           P=0.881  R=0.902  F1=0.892
1762.0s 1235 normal         P=1.000  R=1.000  F1=1.000
1762.0s 1236 rosacea        P=0.961  R=0.924  F1=0.942
1762.0s 1237 seborrheic     P=0.796  R=0.860  F1=0.827
1762.0s 1238 
1762.0s 1239 ────────────────────────────────────────────────────────────
1762.0s 1240 [epoch 003/50]  efficientnet
1764.7s 1241 batch 001/51  loss=0.5542  avg=0.5542
1764.9s 1242 batch 001/51  loss=0.5542  avg=0.5542
1774.3s 1243 batch 010/51  loss=0.5249  avg=0.5289
1774.5s 1244 batch 010/51  loss=0.5249  avg=0.5289
1785.8s 1245 batch 020/51  loss=0.5524  avg=0.5483
1786.0s 1246 batch 020/51  loss=0.5524  avg=0.5483
1797.1s 1247 batch 030/51  loss=0.4944  avg=0.5477
1797.3s 1248 batch 030/51  loss=0.4944  avg=0.5477
1808.5s 1249 batch 040/51  loss=0.5607  avg=0.5397
1808.7s 1250 batch 040/51  loss=0.5607  avg=0.5397
1819.5s 1251 batch 050/51  loss=0.5692  avg=0.5397
1819.7s 1252 batch 050/51  loss=0.5692  avg=0.5397
1820.5s 1253 batch 051/51  loss=0.4653  avg=0.5382
1820.7s 1254 batch 051/51  loss=0.4653  avg=0.5382
1825.9s 1255 loss=0.5382  val_f1=0.8307  val_acc=0.8472  lr=9.91e-05  stale=1/10
1825.9s 1256 psoriasis      P=0.800  R=0.533  F1=0.640
1825.9s 1257 atopy          P=0.844  R=0.844  F1=0.844
1825.9s 1258 acne           P=0.691  R=0.927  F1=0.792
1825.9s 1259 normal         P=1.000  R=0.960  F1=0.980
1825.9s 1260 rosacea        P=0.942  R=0.924  F1=0.933
1825.9s 1261 seborrheic     P=0.861  R=0.740  F1=0.796
1825.9s 1262 
1825.9s 1263 ────────────────────────────────────────────────────────────
1825.9s 1264 [epoch 004/50]  efficientnet
1826.1s 1265 loss=0.5382  val_f1=0.8307  val_acc=0.8472  lr=9.91e-05  stale=1/10
1826.1s 1266 psoriasis      P=0.800  R=0.533  F1=0.640
1826.1s 1267 atopy          P=0.844  R=0.844  F1=0.844
1826.1s 1268 acne           P=0.691  R=0.927  F1=0.792
1826.1s 1269 normal         P=1.000  R=0.960  F1=0.980
1826.1s 1270 rosacea        P=0.942  R=0.924  F1=0.933
1826.1s 1271 seborrheic     P=0.861  R=0.740  F1=0.796
1826.1s 1272 
1826.1s 1273 ────────────────────────────────────────────────────────────
1826.1s 1274 [epoch 004/50]  efficientnet
1828.8s 1275 batch 001/51  loss=0.4681  avg=0.4681
1829.0s 1276 batch 001/51  loss=0.4681  avg=0.4681
1838.4s 1277 batch 010/51  loss=0.5153  avg=0.5031
1838.6s 1278 batch 010/51  loss=0.5153  avg=0.5031
1849.6s 1279 batch 020/51  loss=0.5087  avg=0.4994
1849.8s 1280 batch 020/51  loss=0.5087  avg=0.4994
1860.7s 1281 batch 030/51  loss=0.4949  avg=0.4999
1860.9s 1282 batch 030/51  loss=0.4949  avg=0.4999
1872.3s 1283 batch 040/51  loss=0.4874  avg=0.4929
1872.5s 1284 batch 040/51  loss=0.4874  avg=0.4929
1883.5s 1285 batch 050/51  loss=0.4966  avg=0.4903
1883.7s 1286 batch 050/51  loss=0.4966  avg=0.4903
1884.3s 1287 batch 051/51  loss=0.5276  avg=0.4911
1884.5s 1288 batch 051/51  loss=0.5276  avg=0.4911
1889.8s 1289 loss=0.4911  val_f1=0.8483  val_acc=0.8657  lr=9.84e-05  stale=0/10  *** BEST ***
1889.8s 1290 psoriasis      P=0.800  R=0.533  F1=0.640
1889.8s 1291 atopy          P=0.893  R=0.781  F1=0.833
1889.8s 1292 acne           P=0.944  R=0.829  F1=0.883
1889.8s 1293 normal         P=1.000  R=1.000  F1=1.000
1889.8s 1294 rosacea        P=0.940  R=0.887  F1=0.913
1889.8s 1295 seborrheic     P=0.716  R=0.960  F1=0.821
1889.8s 1296 
1889.8s 1297 ────────────────────────────────────────────────────────────
1889.8s 1298 [epoch 005/50]  efficientnet
1890.0s 1299 loss=0.4911  val_f1=0.8483  val_acc=0.8657  lr=9.84e-05  stale=0/10  *** BEST ***
1890.0s 1300 psoriasis      P=0.800  R=0.533  F1=0.640
1890.0s 1301 atopy          P=0.893  R=0.781  F1=0.833
1890.0s 1302 acne           P=0.944  R=0.829  F1=0.883
1890.0s 1303 normal         P=1.000  R=1.000  F1=1.000
1890.0s 1304 rosacea        P=0.940  R=0.887  F1=0.913
1890.0s 1305 seborrheic     P=0.716  R=0.960  F1=0.821
1890.0s 1306 
1890.0s 1307 ────────────────────────────────────────────────────────────
1890.0s 1308 [epoch 005/50]  efficientnet
1892.7s 1309 batch 001/51  loss=0.4893  avg=0.4893
1892.9s 1310 batch 001/51  loss=0.4893  avg=0.4893
1903.0s 1311 batch 010/51  loss=0.5103  avg=0.4858
1903.2s 1312 batch 010/51  loss=0.5103  avg=0.4858
1914.5s 1313 batch 020/51  loss=0.4524  avg=0.4761
1914.7s 1314 batch 020/51  loss=0.4524  avg=0.4761
1926.0s 1315 batch 030/51  loss=0.4490  avg=0.4687
1926.2s 1316 batch 030/51  loss=0.4490  avg=0.4687
1936.8s 1317 batch 040/51  loss=0.4600  avg=0.4657
1937.0s 1318 batch 040/51  loss=0.4600  avg=0.4657
1948.1s 1319 batch 050/51  loss=0.4410  avg=0.4649
1948.3s 1320 batch 050/51  loss=0.4410  avg=0.4649
1948.9s 1321 batch 051/51  loss=0.4451  avg=0.4645
1949.1s 1322 batch 051/51  loss=0.4451  avg=0.4645
1954.2s 1323 loss=0.4645  val_f1=0.8387  val_acc=0.8565  lr=9.76e-05  stale=1/10
1954.2s 1324 psoriasis      P=0.800  R=0.533  F1=0.640
1954.2s 1325 atopy          P=0.857  R=0.750  F1=0.800
1954.2s 1326 acne           P=0.841  R=0.902  F1=0.871
1954.2s 1327 normal         P=1.000  R=1.000  F1=1.000
1954.2s 1328 rosacea        P=0.959  R=0.887  F1=0.922
1954.2s 1329 seborrheic     P=0.733  R=0.880  F1=0.800
1954.2s 1330 
1954.2s 1331 ────────────────────────────────────────────────────────────
1954.2s 1332 [epoch 006/50]  efficientnet
1954.4s 1333 loss=0.4645  val_f1=0.8387  val_acc=0.8565  lr=9.76e-05  stale=1/10
1954.4s 1334 psoriasis      P=0.800  R=0.533  F1=0.640
1954.4s 1335 atopy          P=0.857  R=0.750  F1=0.800
1954.4s 1336 acne           P=0.841  R=0.902  F1=0.871
1954.4s 1337 normal         P=1.000  R=1.000  F1=1.000
1954.4s 1338 rosacea        P=0.959  R=0.887  F1=0.922
1954.4s 1339 seborrheic     P=0.733  R=0.880  F1=0.800
1954.4s 1340 
1954.4s 1341 ────────────────────────────────────────────────────────────
1954.4s 1342 [epoch 006/50]  efficientnet
1957.1s 1343 batch 001/51  loss=0.4770  avg=0.4770
1957.4s 1344 batch 001/51  loss=0.4770  avg=0.4770
1967.2s 1345 batch 010/51  loss=0.4358  avg=0.4579
1967.4s 1346 batch 010/51  loss=0.4358  avg=0.4579
1979.3s 1347 batch 020/51  loss=0.4619  avg=0.4511
1979.5s 1348 batch 020/51  loss=0.4619  avg=0.4511
1991.3s 1349 batch 030/51  loss=0.4446  avg=0.4484
1991.5s 1350 batch 030/51  loss=0.4446  avg=0.4484
2003.5s 1351 batch 040/51  loss=0.4924  avg=0.4521
2003.7s 1352 batch 040/51  loss=0.4924  avg=0.4521
2015.1s 1353 batch 050/51  loss=0.4703  avg=0.4537
2015.4s 1354 batch 050/51  loss=0.4703  avg=0.4537
2016.2s 1355 batch 051/51  loss=0.4363  avg=0.4534
2016.4s 1356 batch 051/51  loss=0.4363  avg=0.4534
2021.4s 1357 loss=0.4534  val_f1=0.8454  val_acc=0.8704  lr=9.65e-05  stale=2/10
2021.4s 1358 psoriasis      P=0.875  R=0.467  F1=0.609
2021.4s 1359 atopy          P=0.897  R=0.812  F1=0.853
2021.4s 1360 acne           P=0.921  R=0.854  F1=0.886
2021.4s 1361 normal         P=1.000  R=0.960  F1=0.980
2021.4s 1362 rosacea        P=0.877  R=0.943  F1=0.909
2021.4s 1363 seborrheic     P=0.767  R=0.920  F1=0.836
2021.4s 1364 
2021.4s 1365 ────────────────────────────────────────────────────────────
2021.4s 1366 [epoch 007/50]  efficientnet
2021.6s 1367 loss=0.4534  val_f1=0.8454  val_acc=0.8704  lr=9.65e-05  stale=2/10
2021.6s 1368 psoriasis      P=0.875  R=0.467  F1=0.609
2021.6s 1369 atopy          P=0.897  R=0.812  F1=0.853
2021.6s 1370 acne           P=0.921  R=0.854  F1=0.886
2021.6s 1371 normal         P=1.000  R=0.960  F1=0.980
2021.6s 1372 rosacea        P=0.877  R=0.943  F1=0.909
2021.6s 1373 seborrheic     P=0.767  R=0.920  F1=0.836
2021.6s 1374 
2021.6s 1375 ────────────────────────────────────────────────────────────
2021.6s 1376 [epoch 007/50]  efficientnet
2024.4s 1377 batch 001/51  loss=0.4334  avg=0.4334
2024.6s 1378 batch 001/51  loss=0.4334  avg=0.4334
2034.2s 1379 batch 010/51  loss=0.4332  avg=0.4430
2034.4s 1380 batch 010/51  loss=0.4332  avg=0.4430
2046.2s 1381 batch 020/51  loss=0.4517  avg=0.4484
2046.4s 1382 batch 020/51  loss=0.4517  avg=0.4484
2057.8s 1383 batch 030/51  loss=0.4348  avg=0.4517
2058.0s 1384 batch 030/51  loss=0.4348  avg=0.4517
2069.1s 1385 batch 040/51  loss=0.5138  avg=0.4510
2069.3s 1386 batch 040/51  loss=0.5138  avg=0.4510
2080.1s 1387 batch 050/51  loss=0.4396  avg=0.4501
2080.3s 1388 batch 050/51  loss=0.4396  avg=0.4501
2081.3s 1389 batch 051/51  loss=0.4395  avg=0.4499
2081.5s 1390 batch 051/51  loss=0.4395  avg=0.4499
2086.8s 1391 loss=0.4499  val_f1=0.8664  val_acc=0.8843  lr=9.53e-05  stale=0/10  *** BEST ***
2086.8s 1392 psoriasis      P=0.889  R=0.533  F1=0.667
2086.8s 1393 atopy          P=0.906  R=0.906  F1=0.906
2086.8s 1394 acne           P=0.804  R=0.902  F1=0.851
2086.8s 1395 normal         P=1.000  R=1.000  F1=1.000
2086.8s 1396 rosacea        P=0.943  R=0.943  F1=0.943
2086.8s 1397 seborrheic     P=0.824  R=0.840  F1=0.832
2086.8s 1398 
2086.8s 1399 ────────────────────────────────────────────────────────────
2086.8s 1400 [epoch 008/50]  efficientnet
2087.0s 1401 loss=0.4499  val_f1=0.8664  val_acc=0.8843  lr=9.53e-05  stale=0/10  *** BEST ***
2087.0s 1402 psoriasis      P=0.889  R=0.533  F1=0.667
2087.0s 1403 atopy          P=0.906  R=0.906  F1=0.906
2087.0s 1404 acne           P=0.804  R=0.902  F1=0.851
2087.0s 1405 normal         P=1.000  R=1.000  F1=1.000
2087.0s 1406 rosacea        P=0.943  R=0.943  F1=0.943
2087.0s 1407 seborrheic     P=0.824  R=0.840  F1=0.832
2087.0s 1408 
2087.0s 1409 ────────────────────────────────────────────────────────────
2087.0s 1410 [epoch 008/50]  efficientnet
2089.7s 1411 batch 001/51  loss=0.4332  avg=0.4332
2089.9s 1412 batch 001/51  loss=0.4332  avg=0.4332
2099.9s 1413 batch 010/51  loss=0.4290  avg=0.4464
2100.1s 1414 batch 010/51  loss=0.4290  avg=0.4464
2111.3s 1415 batch 020/51  loss=0.4359  avg=0.4439
2111.5s 1416 batch 020/51  loss=0.4359  avg=0.4439
2123.2s 1417 batch 030/51  loss=0.4421  avg=0.4451
2123.5s 1418 batch 030/51  loss=0.4421  avg=0.4451
2134.5s 1419 batch 040/51  loss=0.4495  avg=0.4441
2134.8s 1420 batch 040/51  loss=0.4495  avg=0.4441
2145.8s 1421 batch 050/51  loss=0.4303  avg=0.4432
2146.0s 1422 batch 050/51  loss=0.4303  avg=0.4432
2146.9s 1423 batch 051/51  loss=0.4382  avg=0.4431
2147.1s 1424 batch 051/51  loss=0.4382  avg=0.4431
2152.1s 1425 loss=0.4431  val_f1=0.8579  val_acc=0.8796  lr=9.39e-05  stale=1/10
2152.1s 1426 psoriasis      P=0.875  R=0.467  F1=0.609
2152.1s 1427 atopy          P=0.964  R=0.844  F1=0.900
2152.1s 1428 acne           P=0.974  R=0.902  F1=0.937
2152.1s 1429 normal         P=1.000  R=0.960  F1=0.980
2152.1s 1430 rosacea        P=0.902  R=0.868  F1=0.885
2152.1s 1431 seborrheic     P=0.731  R=0.980  F1=0.838
2152.1s 1432 
2152.1s 1433 ────────────────────────────────────────────────────────────
2152.1s 1434 [epoch 009/50]  efficientnet
2152.3s 1435 loss=0.4431  val_f1=0.8579  val_acc=0.8796  lr=9.39e-05  stale=1/10
2152.3s 1436 psoriasis      P=0.875  R=0.467  F1=0.609
2152.3s 1437 atopy          P=0.964  R=0.844  F1=0.900
2152.3s 1438 acne           P=0.974  R=0.902  F1=0.937
2152.3s 1439 normal         P=1.000  R=0.960  F1=0.980
2152.3s 1440 rosacea        P=0.902  R=0.868  F1=0.885
2152.3s 1441 seborrheic     P=0.731  R=0.980  F1=0.838
2152.3s 1442 
2152.3s 1443 ────────────────────────────────────────────────────────────
2152.3s 1444 [epoch 009/50]  efficientnet
2155.1s 1445 batch 001/51  loss=0.4389  avg=0.4389
2155.3s 1446 batch 001/51  loss=0.4389  avg=0.4389
2165.1s 1447 batch 010/51  loss=0.4310  avg=0.4468
2165.3s 1448 batch 010/51  loss=0.4310  avg=0.4468
2176.3s 1449 batch 020/51  loss=0.4326  avg=0.4442
2176.5s 1450 batch 020/51  loss=0.4326  avg=0.4442
2188.0s 1451 batch 030/51  loss=0.4332  avg=0.4450
2188.2s 1452 batch 030/51  loss=0.4332  avg=0.4450
2199.4s 1453 batch 040/51  loss=0.4357  avg=0.4466
2199.6s 1454 batch 040/51  loss=0.4357  avg=0.4466
2210.3s 1455 batch 050/51  loss=0.4476  avg=0.4477
2210.5s 1456 batch 050/51  loss=0.4476  avg=0.4477
2211.4s 1457 batch 051/51  loss=0.4496  avg=0.4477
2211.6s 1458 batch 051/51  loss=0.4496  avg=0.4477
2216.8s 1459 loss=0.4477  val_f1=0.8795  val_acc=0.8935  lr=9.23e-05  stale=0/10  *** BEST ***
2216.8s 1460 psoriasis      P=0.900  R=0.600  F1=0.720
2216.8s 1461 atopy          P=0.931  R=0.844  F1=0.885
2216.8s 1462 acne           P=0.833  R=0.976  F1=0.899
2216.8s 1463 normal         P=1.000  R=1.000  F1=1.000
2216.8s 1464 rosacea        P=0.927  R=0.962  F1=0.944
2216.8s 1465 seborrheic     P=0.837  R=0.820  F1=0.828
2216.8s 1466 
2216.8s 1467 ────────────────────────────────────────────────────────────
2216.8s 1468 [epoch 010/50]  efficientnet
2217.0s 1469 loss=0.4477  val_f1=0.8795  val_acc=0.8935  lr=9.23e-05  stale=0/10  *** BEST ***
2217.0s 1470 psoriasis      P=0.900  R=0.600  F1=0.720
2217.0s 1471 atopy          P=0.931  R=0.844  F1=0.885
2217.0s 1472 acne           P=0.833  R=0.976  F1=0.899
2217.0s 1473 normal         P=1.000  R=1.000  F1=1.000
2217.0s 1474 rosacea        P=0.927  R=0.962  F1=0.944
2217.0s 1475 seborrheic     P=0.837  R=0.820  F1=0.828
2217.0s 1476 
2217.0s 1477 ────────────────────────────────────────────────────────────
2217.0s 1478 [epoch 010/50]  efficientnet
2219.7s 1479 batch 001/51  loss=0.4391  avg=0.4391
2219.9s 1480 batch 001/51  loss=0.4391  avg=0.4391
2229.9s 1481 batch 010/51  loss=0.4981  avg=0.4559
2230.1s 1482 batch 010/51  loss=0.4981  avg=0.4559
2240.9s 1483 batch 020/51  loss=0.4365  avg=0.4529
2241.1s 1484 batch 020/51  loss=0.4365  avg=0.4529
2252.1s 1485 batch 030/51  loss=0.4299  avg=0.4503
2252.3s 1486 batch 030/51  loss=0.4299  avg=0.4503
2262.9s 1487 batch 040/51  loss=0.5067  avg=0.4504
2263.1s 1488 batch 040/51  loss=0.5067  avg=0.4504
2274.0s 1489 batch 050/51  loss=0.4693  avg=0.4513
2274.2s 1490 batch 050/51  loss=0.4693  avg=0.4513
2275.1s 1491 batch 051/51  loss=0.4348  avg=0.4510
2275.3s 1492 batch 051/51  loss=0.4348  avg=0.4510
2280.2s 1493 loss=0.4510  val_f1=0.8684  val_acc=0.8889  lr=9.05e-05  stale=1/10
2280.2s 1494 psoriasis      P=0.800  R=0.533  F1=0.640
2280.2s 1495 atopy          P=0.963  R=0.812  F1=0.881
2280.2s 1496 acne           P=0.927  R=0.927  F1=0.927
2280.2s 1497 normal         P=1.000  R=1.000  F1=1.000
2280.2s 1498 rosacea        P=0.941  R=0.906  F1=0.923
2280.2s 1499 seborrheic     P=0.758  R=0.940  F1=0.839
2280.2s 1500 
2280.2s 1501 ────────────────────────────────────────────────────────────
2280.2s 1502 [epoch 011/50]  efficientnet
2280.5s 1503 loss=0.4510  val_f1=0.8684  val_acc=0.8889  lr=9.05e-05  stale=1/10
2280.5s 1504 psoriasis      P=0.800  R=0.533  F1=0.640
2280.5s 1505 atopy          P=0.963  R=0.812  F1=0.881
2280.5s 1506 acne           P=0.927  R=0.927  F1=0.927
2280.5s 1507 normal         P=1.000  R=1.000  F1=1.000
2280.5s 1508 rosacea        P=0.941  R=0.906  F1=0.923
2280.5s 1509 seborrheic     P=0.758  R=0.940  F1=0.839
2280.5s 1510 
2280.5s 1511 ────────────────────────────────────────────────────────────
2280.5s 1512 [epoch 011/50]  efficientnet
2283.3s 1513 batch 001/51  loss=0.4404  avg=0.4404
2283.5s 1514 batch 001/51  loss=0.4404  avg=0.4404
2292.7s 1515 batch 010/51  loss=0.4520  avg=0.4433
2292.9s 1516 batch 010/51  loss=0.4520  avg=0.4433
2304.3s 1517 batch 020/51  loss=0.4391  avg=0.4388
2304.5s 1518 batch 020/51  loss=0.4391  avg=0.4388
2315.8s 1519 batch 030/51  loss=0.4546  avg=0.4420
2316.0s 1520 batch 030/51  loss=0.4546  avg=0.4420
2327.3s 1521 batch 040/51  loss=0.4308  avg=0.4404
2327.5s 1522 batch 040/51  loss=0.4308  avg=0.4404
2338.7s 1523 batch 050/51  loss=0.4465  avg=0.4403
2338.9s 1524 batch 050/51  loss=0.4465  avg=0.4403
2339.7s 1525 batch 051/51  loss=0.4336  avg=0.4401
2339.9s 1526 batch 051/51  loss=0.4336  avg=0.4401
2345.0s 1527 loss=0.4401  val_f1=0.8472  val_acc=0.8657  lr=8.86e-05  stale=2/10
2345.0s 1528 psoriasis      P=0.889  R=0.533  F1=0.667
2345.0s 1529 atopy          P=0.926  R=0.781  F1=0.848
2345.0s 1530 acne           P=0.889  R=0.976  F1=0.930
2345.0s 1531 normal         P=1.000  R=0.880  F1=0.936
2345.0s 1532 rosacea        P=0.875  R=0.924  F1=0.899
2345.0s 1533 seborrheic     P=0.754  R=0.860  F1=0.804
2345.0s 1534 
2345.0s 1535 ────────────────────────────────────────────────────────────
2345.0s 1536 [epoch 012/50]  efficientnet
2345.2s 1537 loss=0.4401  val_f1=0.8472  val_acc=0.8657  lr=8.86e-05  stale=2/10
2345.2s 1538 psoriasis      P=0.889  R=0.533  F1=0.667
2345.2s 1539 atopy          P=0.926  R=0.781  F1=0.848
2345.2s 1540 acne           P=0.889  R=0.976  F1=0.930
2345.2s 1541 normal         P=1.000  R=0.880  F1=0.936
2345.2s 1542 rosacea        P=0.875  R=0.924  F1=0.899
2345.2s 1543 seborrheic     P=0.754  R=0.860  F1=0.804
2345.2s 1544 
2345.2s 1545 ────────────────────────────────────────────────────────────
2345.2s 1546 [epoch 012/50]  efficientnet
2347.9s 1547 batch 001/51  loss=0.4321  avg=0.4321
2348.2s 1548 batch 001/51  loss=0.4321  avg=0.4321
2357.9s 1549 batch 010/51  loss=0.4661  avg=0.4391
2358.1s 1550 batch 010/51  loss=0.4661  avg=0.4391
2368.7s 1551 batch 020/51  loss=0.4310  avg=0.4399
2368.9s 1552 batch 020/51  loss=0.4310  avg=0.4399
2380.3s 1553 batch 030/51  loss=0.4269  avg=0.4396
2380.5s 1554 batch 030/51  loss=0.4269  avg=0.4396
2391.7s 1555 batch 040/51  loss=0.4449  avg=0.4387
2391.9s 1556 batch 040/51  loss=0.4449  avg=0.4387
2403.1s 1557 batch 050/51  loss=0.4299  avg=0.4401
2403.3s 1558 batch 050/51  loss=0.4299  avg=0.4401
2404.3s 1559 batch 051/51  loss=0.4296  avg=0.4399
2404.5s 1560 batch 051/51  loss=0.4296  avg=0.4399
2409.9s 1561 loss=0.4399  val_f1=0.8838  val_acc=0.8935  lr=8.66e-05  stale=0/10  *** BEST ***
2409.9s 1562 psoriasis      P=0.706  R=0.800  F1=0.750
2409.9s 1563 atopy          P=0.906  R=0.906  F1=0.906
2409.9s 1564 acne           P=0.848  R=0.951  F1=0.897
2409.9s 1565 normal         P=1.000  R=0.960  F1=0.980
2409.9s 1566 rosacea        P=0.927  R=0.962  F1=0.944
2409.9s 1567 seborrheic     P=0.905  R=0.760  F1=0.826
2409.9s 1568 
2409.9s 1569 ────────────────────────────────────────────────────────────
2409.9s 1570 [epoch 013/50]  efficientnet
2410.1s 1571 loss=0.4399  val_f1=0.8838  val_acc=0.8935  lr=8.66e-05  stale=0/10  *** BEST ***
2410.1s 1572 psoriasis      P=0.706  R=0.800  F1=0.750
2410.1s 1573 atopy          P=0.906  R=0.906  F1=0.906
2410.1s 1574 acne           P=0.848  R=0.951  F1=0.897
2410.1s 1575 normal         P=1.000  R=0.960  F1=0.980
2410.1s 1576 rosacea        P=0.927  R=0.962  F1=0.944
2410.1s 1577 seborrheic     P=0.905  R=0.760  F1=0.826
2410.1s 1578 
2410.1s 1579 ────────────────────────────────────────────────────────────
2410.1s 1580 [epoch 013/50]  efficientnet
2412.9s 1581 batch 001/51  loss=0.4475  avg=0.4475
2413.1s 1582 batch 001/51  loss=0.4475  avg=0.4475
2423.3s 1583 batch 010/51  loss=0.4275  avg=0.4368
2423.5s 1584 batch 010/51  loss=0.4275  avg=0.4368
2434.6s 1585 batch 020/51  loss=0.4270  avg=0.4400
2434.8s 1586 batch 020/51  loss=0.4270  avg=0.4400
2445.8s 1587 batch 030/51  loss=0.4312  avg=0.4408
2446.1s 1588 batch 030/51  loss=0.4312  avg=0.4408
2457.6s 1589 batch 040/51  loss=0.4907  avg=0.4442
2457.8s 1590 batch 040/51  loss=0.4907  avg=0.4442
2468.8s 1591 batch 050/51  loss=0.4504  avg=0.4420
2469.0s 1592 batch 050/51  loss=0.4504  avg=0.4420
2470.0s 1593 batch 051/51  loss=0.4302  avg=0.4418
2470.2s 1594 batch 051/51  loss=0.4302  avg=0.4418
2475.4s 1595 loss=0.4418  val_f1=0.8824  val_acc=0.9028  lr=8.44e-05  stale=1/10
2475.4s 1596 psoriasis      P=0.818  R=0.600  F1=0.692
2475.4s 1597 atopy          P=0.929  R=0.812  F1=0.867
2475.4s 1598 acne           P=0.884  R=0.927  F1=0.905
2475.4s 1599 normal         P=1.000  R=1.000  F1=1.000
2475.4s 1600 rosacea        P=0.962  R=0.943  F1=0.952
2475.4s 1601 seborrheic     P=0.825  R=0.940  F1=0.878
2475.4s 1602 
2475.4s 1603 ────────────────────────────────────────────────────────────
2475.4s 1604 [epoch 014/50]  efficientnet
2475.6s 1605 loss=0.4418  val_f1=0.8824  val_acc=0.9028  lr=8.44e-05  stale=1/10
2475.6s 1606 psoriasis      P=0.818  R=0.600  F1=0.692
2475.6s 1607 atopy          P=0.929  R=0.812  F1=0.867
2475.6s 1608 acne           P=0.884  R=0.927  F1=0.905
2475.6s 1609 normal         P=1.000  R=1.000  F1=1.000
2475.6s 1610 rosacea        P=0.962  R=0.943  F1=0.952
2475.6s 1611 seborrheic     P=0.825  R=0.940  F1=0.878
2475.6s 1612 
2475.6s 1613 ────────────────────────────────────────────────────────────
2475.6s 1614 [epoch 014/50]  efficientnet
2478.3s 1615 batch 001/51  loss=0.4301  avg=0.4301
2478.6s 1616 batch 001/51  loss=0.4301  avg=0.4301
2488.2s 1617 batch 010/51  loss=0.4311  avg=0.4309
2488.4s 1618 batch 010/51  loss=0.4311  avg=0.4309
2500.3s 1619 batch 020/51  loss=0.4316  avg=0.4323
2500.5s 1620 batch 020/51  loss=0.4316  avg=0.4323
2512.1s 1621 batch 030/51  loss=0.4256  avg=0.4319
2512.3s 1622 batch 030/51  loss=0.4256  avg=0.4319
2523.5s 1623 batch 040/51  loss=0.4261  avg=0.4325
2523.7s 1624 batch 040/51  loss=0.4261  avg=0.4325
2535.1s 1625 batch 050/51  loss=0.4426  avg=0.4343
2535.3s 1626 batch 050/51  loss=0.4426  avg=0.4343
2536.3s 1627 batch 051/51  loss=0.4274  avg=0.4342
2536.5s 1628 batch 051/51  loss=0.4274  avg=0.4342
2541.6s 1629 loss=0.4342  val_f1=0.8313  val_acc=0.8519  lr=8.21e-05  stale=2/10
2541.6s 1630 psoriasis      P=0.727  R=0.533  F1=0.615
2541.6s 1631 atopy          P=0.800  R=0.875  F1=0.836
2541.6s 1632 acne           P=0.769  R=0.976  F1=0.860
2541.6s 1633 normal         P=1.000  R=1.000  F1=1.000
2541.6s 1634 rosacea        P=0.926  R=0.943  F1=0.935
2541.6s 1635 seborrheic     P=0.846  R=0.660  F1=0.742
2541.6s 1636 
2541.6s 1637 ────────────────────────────────────────────────────────────
2541.6s 1638 [epoch 015/50]  efficientnet
2541.8s 1639 loss=0.4342  val_f1=0.8313  val_acc=0.8519  lr=8.21e-05  stale=2/10
2541.8s 1640 psoriasis      P=0.727  R=0.533  F1=0.615
2541.8s 1641 atopy          P=0.800  R=0.875  F1=0.836
2541.8s 1642 acne           P=0.769  R=0.976  F1=0.860
2541.8s 1643 normal         P=1.000  R=1.000  F1=1.000
2541.8s 1644 rosacea        P=0.926  R=0.943  F1=0.935
2541.8s 1645 seborrheic     P=0.846  R=0.660  F1=0.742
2541.8s 1646 
2541.8s 1647 ────────────────────────────────────────────────────────────
2541.8s 1648 [epoch 015/50]  efficientnet
2544.6s 1649 batch 001/51  loss=0.4713  avg=0.4713
2544.8s 1650 batch 001/51  loss=0.4713  avg=0.4713
2554.1s 1651 batch 010/51  loss=0.4292  avg=0.4379
2554.3s 1652 batch 010/51  loss=0.4292  avg=0.4379
2565.7s 1653 batch 020/51  loss=0.4266  avg=0.4348
2565.9s 1654 batch 020/51  loss=0.4266  avg=0.4348
2576.8s 1655 batch 030/51  loss=0.4315  avg=0.4341
2577.0s 1656 batch 030/51  loss=0.4315  avg=0.4341
2588.0s 1657 batch 040/51  loss=0.4280  avg=0.4331
2588.2s 1658 batch 040/51  loss=0.4280  avg=0.4331
2599.9s 1659 batch 050/51  loss=0.4268  avg=0.4358
2600.1s 1660 batch 050/51  loss=0.4268  avg=0.4358
2600.8s 1661 batch 051/51  loss=0.4295  avg=0.4356
2601.0s 1662 batch 051/51  loss=0.4295  avg=0.4356
2606.1s 1663 loss=0.4356  val_f1=0.8377  val_acc=0.8611  lr=7.96e-05  stale=3/10
2606.1s 1664 psoriasis      P=0.875  R=0.467  F1=0.609
2606.1s 1665 atopy          P=0.867  R=0.812  F1=0.839
2606.1s 1666 acne           P=0.816  R=0.976  F1=0.889
2606.1s 1667 normal         P=1.000  R=1.000  F1=1.000
2606.1s 1668 rosacea        P=0.879  R=0.962  F1=0.919
2606.1s 1669 seborrheic     P=0.804  R=0.740  F1=0.771
2606.1s 1670 
2606.1s 1671 ────────────────────────────────────────────────────────────
2606.1s 1672 [epoch 016/50]  efficientnet
2606.3s 1673 loss=0.4356  val_f1=0.8377  val_acc=0.8611  lr=7.96e-05  stale=3/10
2606.3s 1674 psoriasis      P=0.875  R=0.467  F1=0.609
2606.3s 1675 atopy          P=0.867  R=0.812  F1=0.839
2606.3s 1676 acne           P=0.816  R=0.976  F1=0.889
2606.3s 1677 normal         P=1.000  R=1.000  F1=1.000
2606.3s 1678 rosacea        P=0.879  R=0.962  F1=0.919
2606.3s 1679 seborrheic     P=0.804  R=0.740  F1=0.771
2606.3s 1680 
2606.3s 1681 ────────────────────────────────────────────────────────────
2606.3s 1682 [epoch 016/50]  efficientnet
2609.1s 1683 batch 001/51  loss=0.4276  avg=0.4276
2609.4s 1684 batch 001/51  loss=0.4276  avg=0.4276
2619.5s 1685 batch 010/51  loss=0.4359  avg=0.4368
2619.7s 1686 batch 010/51  loss=0.4359  avg=0.4368
2630.7s 1687 batch 020/51  loss=0.4270  avg=0.4367
2630.9s 1688 batch 020/51  loss=0.4270  avg=0.4367
2641.6s 1689 batch 030/51  loss=0.4315  avg=0.4360
2641.8s 1690 batch 030/51  loss=0.4315  avg=0.4360
2652.5s 1691 batch 040/51  loss=0.4281  avg=0.4357
2652.7s 1692 batch 040/51  loss=0.4281  avg=0.4357
2663.1s 1693 batch 050/51  loss=0.4368  avg=0.4347
2663.3s 1694 batch 050/51  loss=0.4368  avg=0.4347
2664.2s 1695 batch 051/51  loss=0.4255  avg=0.4345
2664.4s 1696 batch 051/51  loss=0.4255  avg=0.4345
2669.5s 1697 loss=0.4345  val_f1=0.8453  val_acc=0.8750  lr=7.70e-05  stale=4/10
2669.5s 1698 psoriasis      P=0.778  R=0.467  F1=0.583
2669.5s 1699 atopy          P=0.844  R=0.844  F1=0.844
2669.5s 1700 acne           P=0.822  R=0.902  F1=0.861
2669.5s 1701 normal         P=1.000  R=1.000  F1=1.000
2669.5s 1702 rosacea        P=0.911  R=0.962  F1=0.936
2669.5s 1703 seborrheic     P=0.857  R=0.840  F1=0.849
2669.5s 1704 
2669.5s 1705 ────────────────────────────────────────────────────────────
2669.5s 1706 [epoch 017/50]  efficientnet
2669.7s 1707 loss=0.4345  val_f1=0.8453  val_acc=0.8750  lr=7.70e-05  stale=4/10
2669.7s 1708 psoriasis      P=0.778  R=0.467  F1=0.583
2669.7s 1709 atopy          P=0.844  R=0.844  F1=0.844
2669.7s 1710 acne           P=0.822  R=0.902  F1=0.861
2669.7s 1711 normal         P=1.000  R=1.000  F1=1.000
2669.7s 1712 rosacea        P=0.911  R=0.962  F1=0.936
2669.7s 1713 seborrheic     P=0.857  R=0.840  F1=0.849
2669.7s 1714 
2669.7s 1715 ────────────────────────────────────────────────────────────
2669.7s 1716 [epoch 017/50]  efficientnet
2672.5s 1717 batch 001/51  loss=0.4282  avg=0.4282
2672.7s 1718 batch 001/51  loss=0.4282  avg=0.4282
2682.2s 1719 batch 010/51  loss=0.4688  avg=0.4317
2682.4s 1720 batch 010/51  loss=0.4688  avg=0.4317
2693.5s 1721 batch 020/51  loss=0.4321  avg=0.4351
2693.7s 1722 batch 020/51  loss=0.4321  avg=0.4351
2704.6s 1723 batch 030/51  loss=0.4258  avg=0.4350
2704.9s 1724 batch 030/51  loss=0.4258  avg=0.4350
2716.0s 1725 batch 040/51  loss=0.4267  avg=0.4356
2716.2s 1726 batch 040/51  loss=0.4267  avg=0.4356
2726.6s 1727 batch 050/51  loss=0.4327  avg=0.4363
2726.8s 1728 batch 050/51  loss=0.4327  avg=0.4363
2727.7s 1729 batch 051/51  loss=0.5029  avg=0.4376
2727.9s 1730 batch 051/51  loss=0.5029  avg=0.4376
2733.0s 1731 loss=0.4376  val_f1=0.8678  val_acc=0.8843  lr=7.43e-05  stale=5/10
2733.0s 1732 psoriasis      P=0.611  R=0.733  F1=0.667
2733.0s 1733 atopy          P=0.875  R=0.875  F1=0.875
2733.0s 1734 acne           P=0.947  R=0.878  F1=0.911
2733.0s 1735 normal         P=1.000  R=0.960  F1=0.980
2733.0s 1736 rosacea        P=0.909  R=0.943  F1=0.926
2733.0s 1737 seborrheic     P=0.857  R=0.840  F1=0.849
2733.0s 1738 
2733.0s 1739 ────────────────────────────────────────────────────────────
2733.0s 1740 [epoch 018/50]  efficientnet
2733.2s 1741 loss=0.4376  val_f1=0.8678  val_acc=0.8843  lr=7.43e-05  stale=5/10
2733.2s 1742 psoriasis      P=0.611  R=0.733  F1=0.667
2733.2s 1743 atopy          P=0.875  R=0.875  F1=0.875
2733.2s 1744 acne           P=0.947  R=0.878  F1=0.911
2733.2s 1745 normal         P=1.000  R=0.960  F1=0.980
2733.2s 1746 rosacea        P=0.909  R=0.943  F1=0.926
2733.2s 1747 seborrheic     P=0.857  R=0.840  F1=0.849
2733.2s 1748 
2733.2s 1749 ────────────────────────────────────────────────────────────
2733.2s 1750 [epoch 018/50]  efficientnet
2736.0s 1751 batch 001/51  loss=0.4280  avg=0.4280
2736.2s 1752 batch 001/51  loss=0.4280  avg=0.4280
2745.9s 1753 batch 010/51  loss=0.4305  avg=0.4357
2746.1s 1754 batch 010/51  loss=0.4305  avg=0.4357
2757.6s 1755 batch 020/51  loss=0.4263  avg=0.4358
2757.8s 1756 batch 020/51  loss=0.4263  avg=0.4358
2769.6s 1757 batch 030/51  loss=0.4306  avg=0.4353
2769.9s 1758 batch 030/51  loss=0.4306  avg=0.4353
2781.3s 1759 batch 040/51  loss=0.4517  avg=0.4352
2781.5s 1760 batch 040/51  loss=0.4517  avg=0.4352
2793.2s 1761 batch 050/51  loss=0.4255  avg=0.4340
2793.4s 1762 batch 050/51  loss=0.4255  avg=0.4340
2794.3s 1763 batch 051/51  loss=0.5310  avg=0.4359
2794.5s 1764 batch 051/51  loss=0.5310  avg=0.4359
2799.7s 1765 loss=0.4359  val_f1=0.8413  val_acc=0.8611  lr=7.16e-05  stale=6/10
2799.7s 1766 psoriasis      P=0.727  R=0.533  F1=0.615
2799.7s 1767 atopy          P=0.900  R=0.844  F1=0.871
2799.7s 1768 acne           P=0.732  R=1.000  F1=0.845
2799.7s 1769 normal         P=1.000  R=1.000  F1=1.000
2799.7s 1770 rosacea        P=0.942  R=0.924  F1=0.933
2799.7s 1771 seborrheic     P=0.857  R=0.720  F1=0.783
2799.7s 1772 
2799.7s 1773 ────────────────────────────────────────────────────────────
2799.7s 1774 [epoch 019/50]  efficientnet
2800.0s 1775 loss=0.4359  val_f1=0.8413  val_acc=0.8611  lr=7.16e-05  stale=6/10
2800.0s 1776 psoriasis      P=0.727  R=0.533  F1=0.615
2800.0s 1777 atopy          P=0.900  R=0.844  F1=0.871
2800.0s 1778 acne           P=0.732  R=1.000  F1=0.845
2800.0s 1779 normal         P=1.000  R=1.000  F1=1.000
2800.0s 1780 rosacea        P=0.942  R=0.924  F1=0.933
2800.0s 1781 seborrheic     P=0.857  R=0.720  F1=0.783
2800.0s 1782 
2800.0s 1783 ────────────────────────────────────────────────────────────
2800.0s 1784 [epoch 019/50]  efficientnet
2802.7s 1785 batch 001/51  loss=0.4264  avg=0.4264
2802.9s 1786 batch 001/51  loss=0.4264  avg=0.4264
2812.5s 1787 batch 010/51  loss=0.4260  avg=0.4363
2812.7s 1788 batch 010/51  loss=0.4260  avg=0.4363
2823.6s 1789 batch 020/51  loss=0.4310  avg=0.4348
2823.8s 1790 batch 020/51  loss=0.4310  avg=0.4348
2835.0s 1791 batch 030/51  loss=0.4475  avg=0.4338
2835.2s 1792 batch 030/51  loss=0.4475  avg=0.4338
2846.2s 1793 batch 040/51  loss=0.4246  avg=0.4321
2846.4s 1794 batch 040/51  loss=0.4246  avg=0.4321
2857.6s 1795 batch 050/51  loss=0.4282  avg=0.4314
2857.8s 1796 batch 050/51  loss=0.4282  avg=0.4314
2858.7s 1797 batch 051/51  loss=0.4276  avg=0.4313
2858.9s 1798 batch 051/51  loss=0.4276  avg=0.4313
2864.0s 1799 loss=0.4313  val_f1=0.8596  val_acc=0.8889  lr=6.87e-05  stale=7/10
2864.0s 1800 psoriasis      P=0.875  R=0.467  F1=0.609
2864.0s 1801 atopy          P=0.897  R=0.812  F1=0.853
2864.0s 1802 acne           P=0.833  R=0.976  F1=0.899
2864.0s 1803 normal         P=1.000  R=1.000  F1=1.000
2864.0s 1804 rosacea        P=0.943  R=0.943  F1=0.943
2864.0s 1805 seborrheic     P=0.830  R=0.880  F1=0.854
2864.0s 1806 
2864.0s 1807 ────────────────────────────────────────────────────────────
2864.0s 1808 [epoch 020/50]  efficientnet
2864.2s 1809 loss=0.4313  val_f1=0.8596  val_acc=0.8889  lr=6.87e-05  stale=7/10
2864.2s 1810 psoriasis      P=0.875  R=0.467  F1=0.609
2864.2s 1811 atopy          P=0.897  R=0.812  F1=0.853
2864.2s 1812 acne           P=0.833  R=0.976  F1=0.899
2864.2s 1813 normal         P=1.000  R=1.000  F1=1.000
2864.2s 1814 rosacea        P=0.943  R=0.943  F1=0.943
2864.2s 1815 seborrheic     P=0.830  R=0.880  F1=0.854
2864.2s 1816 
2864.2s 1817 ────────────────────────────────────────────────────────────
2864.2s 1818 [epoch 020/50]  efficientnet
2866.9s 1819 batch 001/51  loss=0.4561  avg=0.4561
2867.1s 1820 batch 001/51  loss=0.4561  avg=0.4561
2876.8s 1821 batch 010/51  loss=0.4255  avg=0.4292
2877.0s 1822 batch 010/51  loss=0.4255  avg=0.4292
2888.5s 1823 batch 020/51  loss=0.4272  avg=0.4328
2888.7s 1824 batch 020/51  loss=0.4272  avg=0.4328
2899.7s 1825 batch 030/51  loss=0.4319  avg=0.4335
2900.0s 1826 batch 030/51  loss=0.4319  avg=0.4335
2911.3s 1827 batch 040/51  loss=0.4304  avg=0.4335
2911.5s 1828 batch 040/51  loss=0.4304  avg=0.4335
2922.6s 1829 batch 050/51  loss=0.4260  avg=0.4325
2922.8s 1830 batch 050/51  loss=0.4260  avg=0.4325
2923.7s 1831 batch 051/51  loss=0.4253  avg=0.4323
2923.9s 1832 batch 051/51  loss=0.4253  avg=0.4323
2929.0s 1833 loss=0.4323  val_f1=0.8707  val_acc=0.8981  lr=6.58e-05  stale=8/10
2929.0s 1834 psoriasis      P=0.727  R=0.533  F1=0.615
2929.0s 1835 atopy          P=0.829  R=0.906  F1=0.866
2929.0s 1836 acne           P=0.927  R=0.927  F1=0.927
2929.0s 1837 normal         P=1.000  R=1.000  F1=1.000
2929.0s 1838 rosacea        P=0.961  R=0.924  F1=0.942
2929.0s 1839 seborrheic     P=0.849  R=0.900  F1=0.874
2929.0s 1840 
2929.0s 1841 ────────────────────────────────────────────────────────────
2929.0s 1842 [epoch 021/50]  efficientnet
2929.2s 1843 loss=0.4323  val_f1=0.8707  val_acc=0.8981  lr=6.58e-05  stale=8/10
2929.2s 1844 psoriasis      P=0.727  R=0.533  F1=0.615
2929.2s 1845 atopy          P=0.829  R=0.906  F1=0.866
2929.2s 1846 acne           P=0.927  R=0.927  F1=0.927
2929.2s 1847 normal         P=1.000  R=1.000  F1=1.000
2929.2s 1848 rosacea        P=0.961  R=0.924  F1=0.942
2929.2s 1849 seborrheic     P=0.849  R=0.900  F1=0.874
2929.2s 1850 
2929.2s 1851 ────────────────────────────────────────────────────────────
2929.2s 1852 [epoch 021/50]  efficientnet
2932.0s 1853 batch 001/51  loss=0.4260  avg=0.4260
2932.3s 1854 batch 001/51  loss=0.4260  avg=0.4260
2942.7s 1855 batch 010/51  loss=0.4269  avg=0.4301
2942.9s 1856 batch 010/51  loss=0.4269  avg=0.4301
2953.0s 1857 batch 020/51  loss=0.4791  avg=0.4313
2953.2s 1858 batch 020/51  loss=0.4791  avg=0.4313
2964.7s 1859 batch 030/51  loss=0.4245  avg=0.4314
2965.0s 1860 batch 030/51  loss=0.4245  avg=0.4314
2976.2s 1861 batch 040/51  loss=0.4267  avg=0.4305
2976.4s 1862 batch 040/51  loss=0.4267  avg=0.4305
2987.3s 1863 batch 050/51  loss=0.4331  avg=0.4304
2987.5s 1864 batch 050/51  loss=0.4331  avg=0.4304
2988.3s 1865 batch 051/51  loss=0.4251  avg=0.4303
2988.5s 1866 batch 051/51  loss=0.4251  avg=0.4303
2993.8s 1867 loss=0.4303  val_f1=0.8542  val_acc=0.8796  lr=6.28e-05  stale=9/10
2993.8s 1868 psoriasis      P=0.875  R=0.467  F1=0.609
2993.8s 1869 atopy          P=0.849  R=0.875  F1=0.862
2993.8s 1870 acne           P=0.971  R=0.805  F1=0.880
2993.8s 1871 normal         P=1.000  R=1.000  F1=1.000
2993.8s 1872 rosacea        P=0.941  R=0.906  F1=0.923
2993.8s 1873 seborrheic     P=0.754  R=0.980  F1=0.852
2993.8s 1874 
2993.8s 1875 ────────────────────────────────────────────────────────────
2993.8s 1876 [epoch 022/50]  efficientnet
2994.0s 1877 loss=0.4303  val_f1=0.8542  val_acc=0.8796  lr=6.28e-05  stale=9/10
2994.0s 1878 psoriasis      P=0.875  R=0.467  F1=0.609
2994.0s 1879 atopy          P=0.849  R=0.875  F1=0.862
2994.0s 1880 acne           P=0.971  R=0.805  F1=0.880
2994.0s 1881 normal         P=1.000  R=1.000  F1=1.000
2994.0s 1882 rosacea        P=0.941  R=0.906  F1=0.923
2994.0s 1883 seborrheic     P=0.754  R=0.980  F1=0.852
2994.0s 1884 
2994.0s 1885 ────────────────────────────────────────────────────────────
2994.0s 1886 [epoch 022/50]  efficientnet
2996.7s 1887 batch 001/51  loss=0.4237  avg=0.4237
2996.9s 1888 batch 001/51  loss=0.4237  avg=0.4237
3006.5s 1889 batch 010/51  loss=0.4258  avg=0.4278
3006.7s 1890 batch 010/51  loss=0.4258  avg=0.4278
3017.8s 1891 batch 020/51  loss=0.4248  avg=0.4286
3018.0s 1892 batch 020/51  loss=0.4248  avg=0.4286
3029.5s 1893 batch 030/51  loss=0.4251  avg=0.4276
3029.8s 1894 batch 030/51  loss=0.4251  avg=0.4276
3040.4s 1895 batch 040/51  loss=0.4268  avg=0.4270
3040.6s 1896 batch 040/51  loss=0.4268  avg=0.4270
3051.9s 1897 batch 050/51  loss=0.4244  avg=0.4269
3052.1s 1898 batch 050/51  loss=0.4244  avg=0.4269
3053.0s 1899 batch 051/51  loss=0.4254  avg=0.4269
3053.2s 1900 batch 051/51  loss=0.4254  avg=0.4269
3058.3s 1901 loss=0.4269  val_f1=0.8582  val_acc=0.8889  lr=5.98e-05  stale=10/10
3058.3s 1902 psoriasis      P=0.778  R=0.467  F1=0.583
3058.3s 1903 atopy          P=0.900  R=0.844  F1=0.871
3058.3s 1904 acne           P=0.864  R=0.927  F1=0.894
3058.3s 1905 normal         P=1.000  R=1.000  F1=1.000
3058.3s 1906 rosacea        P=0.943  R=0.943  F1=0.943
3058.3s 1907 seborrheic     P=0.818  R=0.900  F1=0.857
3058.3s 1908 
3058.3s 1909 [early stop] epoch=22  best_epoch=12  best_f1=0.8838  stale=10
3058.3s 1910 
3058.3s 1911 [test]
3058.5s 1912 loss=0.4269  val_f1=0.8582  val_acc=0.8889  lr=5.98e-05  stale=10/10
3058.5s 1913 psoriasis      P=0.778  R=0.467  F1=0.583
3058.5s 1914 atopy          P=0.900  R=0.844  F1=0.871
3058.5s 1915 acne           P=0.864  R=0.927  F1=0.894
3058.5s 1916 normal         P=1.000  R=1.000  F1=1.000
3058.5s 1917 rosacea        P=0.943  R=0.943  F1=0.943
3058.5s 1918 seborrheic     P=0.818  R=0.900  F1=0.857
3058.5s 1919 
3058.5s 1920 [early stop] epoch=22  best_epoch=12  best_f1=0.8838  stale=10
3058.5s 1921 
3058.5s 1922 [test]
3064.3s 1923 acc=0.8800  f1=0.8779  recall=0.8812  conf=0.8595
3064.3s 1924 psoriasis      P=0.789  R=0.882  F1=0.833
3064.3s 1925 atopy          P=0.812  R=0.897  F1=0.853
3064.3s 1926 acne           P=0.956  R=0.878  F1=0.915
3064.3s 1927 normal         P=1.000  R=0.880  F1=0.936
3064.3s 1928 rosacea        P=0.879  R=0.962  F1=0.919
3064.3s 1929 seborrheic     P=0.837  R=0.788  F1=0.812
3064.3s 1930 [summary] /kaggle/working/outputs_20260504_064512/checkpoints/efficientnet/summary.json
3064.5s 1931 acc=0.8800  f1=0.8779  recall=0.8812  conf=0.8595
3064.5s 1932 psoriasis      P=0.789  R=0.882  F1=0.833
3064.5s 1933 atopy          P=0.812  R=0.897  F1=0.853
3064.5s 1934 acne           P=0.956  R=0.878  F1=0.915
3064.5s 1935 normal         P=1.000  R=0.880  F1=0.936
3064.5s 1936 rosacea        P=0.879  R=0.962  F1=0.919
3064.5s 1937 seborrheic     P=0.837  R=0.788  F1=0.812
3064.5s 1938 [summary] /kaggle/working/outputs_20260504_064512/checkpoints/efficientnet/summary.json
3065.8s 1939 [weights_pool] efficientnet_best.pth
3065.8s 1940 [done] efficientnet  exit_code=0  end=2026-05-04 07:36:00
3065.8s 1941 
3065.8s 1942 ============================================================
3065.8s 1943 [model] swin  start=2026-05-04 07:36:00
3065.8s 1944 ============================================================
3066.0s 1945 [weights_pool] efficientnet_best.pth
3066.0s 1946 [done] efficientnet  exit_code=0  end=2026-05-04 07:36:00
3066.0s 1947 
3066.0s 1948 ============================================================
3066.0s 1949 [model] swin  start=2026-05-04 07:36:00
3066.0s 1950 ============================================================
3069.7s 1951 [init] model=swin  device=cuda  gpus=2
3069.7s 1952 epochs=50  min_epochs=10  patience=10  min_delta=0.001
3069.9s 1953 [init] model=swin  device=cuda  gpus=2
3069.9s 1954 epochs=50  min_epochs=10  patience=10  min_delta=0.001
3071.3s 1955 [init] DataParallel: 2 GPUs
3071.5s 1956 [init] DataParallel: 2 GPUs
3071.8s 1957 
3071.8s 1958 ────────────────────────────────────────────────────────────
3071.8s 1959 [epoch 001/50]  swin
3072.0s 1960 
3072.0s 1961 ────────────────────────────────────────────────────────────
3072.0s 1962 [epoch 001/50]  swin
3076.0s 1963 batch 001/51  loss=1.8152  avg=1.8152
3076.2s 1964 batch 001/51  loss=1.8152  avg=1.8152
3083.3s 1965 batch 010/51  loss=1.6973  avg=1.7653
3083.5s 1966 batch 010/51  loss=1.6973  avg=1.7653
3092.7s 1967 batch 020/51  loss=1.4161  avg=1.6556
3092.9s 1968 batch 020/51  loss=1.4161  avg=1.6556
3102.1s 1969 batch 030/51  loss=1.3364  avg=1.5472
3102.3s 1970 batch 030/51  loss=1.3364  avg=1.5472
3112.0s 1971 batch 040/51  loss=1.0328  avg=1.4579
3112.2s 1972 batch 040/51  loss=1.0328  avg=1.4579
3121.6s 1973 batch 050/51  loss=0.9503  avg=1.3810
3121.8s 1974 batch 050/51  loss=0.9503  avg=1.3810
3122.4s 1975 batch 051/51  loss=1.0265  avg=1.3740
3122.6s 1976 batch 051/51  loss=1.0265  avg=1.3740
3127.4s 1977 loss=1.3740  val_f1=0.7040  val_acc=0.7546  lr=9.99e-05  stale=0/10  *** BEST ***
3127.4s 1978 psoriasis      P=0.333  R=0.200  F1=0.250
3127.4s 1979 atopy          P=0.667  R=0.812  F1=0.732
3127.4s 1980 acne           P=0.809  R=0.829  F1=0.819
3127.4s 1981 normal         P=0.926  R=1.000  F1=0.962
3127.4s 1982 rosacea        P=0.758  R=0.887  F1=0.817
3127.4s 1983 seborrheic     P=0.757  R=0.560  F1=0.644
3127.4s 1984 
3127.4s 1985 ────────────────────────────────────────────────────────────
3127.4s 1986 [epoch 002/50]  swin
3127.6s 1987 loss=1.3740  val_f1=0.7040  val_acc=0.7546  lr=9.99e-05  stale=0/10  *** BEST ***
3127.6s 1988 psoriasis      P=0.333  R=0.200  F1=0.250
3127.6s 1989 atopy          P=0.667  R=0.812  F1=0.732
3127.6s 1990 acne           P=0.809  R=0.829  F1=0.819
3127.6s 1991 normal         P=0.926  R=1.000  F1=0.962
3127.6s 1992 rosacea        P=0.758  R=0.887  F1=0.817
3127.6s 1993 seborrheic     P=0.757  R=0.560  F1=0.644
3127.6s 1994 
3127.6s 1995 ────────────────────────────────────────────────────────────
3127.6s 1996 [epoch 002/50]  swin
3129.8s 1997 batch 001/51  loss=1.0166  avg=1.0166
3130.0s 1998 batch 001/51  loss=1.0166  avg=1.0166
3138.2s 1999 batch 010/51  loss=0.9239  avg=0.9399
3138.5s 2000 batch 010/51  loss=0.9239  avg=0.9399
3148.3s 2001 batch 020/51  loss=0.7862  avg=0.9027
3148.5s 2002 batch 020/51  loss=0.7862  avg=0.9027
3158.3s 2003 batch 030/51  loss=0.8405  avg=0.8781
3158.5s 2004 batch 030/51  loss=0.8405  avg=0.8781
3168.1s 2005 batch 040/51  loss=0.9206  avg=0.8634
3168.3s 2006 batch 040/51  loss=0.9206  avg=0.8634
3177.5s 2007 batch 050/51  loss=0.7101  avg=0.8413
3177.7s 2008 batch 050/51  loss=0.7101  avg=0.8413
3178.6s 2009 batch 051/51  loss=0.8011  avg=0.8406
3178.8s 2010 batch 051/51  loss=0.8011  avg=0.8406
3183.7s 2011 loss=0.8406  val_f1=0.8419  val_acc=0.8611  lr=9.96e-05  stale=0/10  *** BEST ***
3183.7s 2012 psoriasis      P=0.727  R=0.533  F1=0.615
3183.7s 2013 atopy          P=0.897  R=0.812  F1=0.853
3183.7s 2014 acne           P=0.919  R=0.829  F1=0.872
3183.7s 2015 normal         P=1.000  R=1.000  F1=1.000
3183.7s 2016 rosacea        P=0.848  R=0.943  F1=0.893
3183.7s 2017 seborrheic     P=0.782  R=0.860  F1=0.819
3183.7s 2018 
3183.7s 2019 ────────────────────────────────────────────────────────────
3183.7s 2020 [epoch 003/50]  swin
3183.9s 2021 loss=0.8406  val_f1=0.8419  val_acc=0.8611  lr=9.96e-05  stale=0/10  *** BEST ***
3183.9s 2022 psoriasis      P=0.727  R=0.533  F1=0.615
3183.9s 2023 atopy          P=0.897  R=0.812  F1=0.853
3183.9s 2024 acne           P=0.919  R=0.829  F1=0.872
3183.9s 2025 normal         P=1.000  R=1.000  F1=1.000
3183.9s 2026 rosacea        P=0.848  R=0.943  F1=0.893
3183.9s 2027 seborrheic     P=0.782  R=0.860  F1=0.819
3183.9s 2028 
3183.9s 2029 ────────────────────────────────────────────────────────────
3183.9s 2030 [epoch 003/50]  swin
3186.1s 2031 batch 001/51  loss=0.7605  avg=0.7605
3186.3s 2032 batch 001/51  loss=0.7605  avg=0.7605
3194.5s 2033 batch 010/51  loss=0.7526  avg=0.7167
3194.7s 2034 batch 010/51  loss=0.7526  avg=0.7167
3204.3s 2035 batch 020/51  loss=0.6484  avg=0.7081
3204.5s 2036 batch 020/51  loss=0.6484  avg=0.7081
3214.6s 2037 batch 030/51  loss=0.6127  avg=0.7053
3214.8s 2038 batch 030/51  loss=0.6127  avg=0.7053
3224.8s 2039 batch 040/51  loss=0.5971  avg=0.6810
3225.0s 2040 batch 040/51  loss=0.5971  avg=0.6810
3234.6s 2041 batch 050/51  loss=0.6338  avg=0.6687
3234.8s 2042 batch 050/51  loss=0.6338  avg=0.6687
3235.7s 2043 batch 051/51  loss=0.6797  avg=0.6689
3235.9s 2044 batch 051/51  loss=0.6797  avg=0.6689
3240.4s 2045 loss=0.6689  val_f1=0.8405  val_acc=0.8611  lr=9.91e-05  stale=1/10
3240.4s 2046 psoriasis      P=0.667  R=0.533  F1=0.593
3240.4s 2047 atopy          P=0.875  R=0.875  F1=0.875
3240.4s 2048 acne           P=0.970  R=0.780  F1=0.865
3240.4s 2049 normal         P=1.000  R=1.000  F1=1.000
3240.4s 2050 rosacea        P=0.836  R=0.962  F1=0.895
3240.4s 2051 seborrheic     P=0.792  R=0.840  F1=0.816
3240.4s 2052 
3240.4s 2053 ────────────────────────────────────────────────────────────
3240.4s 2054 [epoch 004/50]  swin
3240.6s 2055 loss=0.6689  val_f1=0.8405  val_acc=0.8611  lr=9.91e-05  stale=1/10
3240.6s 2056 psoriasis      P=0.667  R=0.533  F1=0.593
3240.6s 2057 atopy          P=0.875  R=0.875  F1=0.875
3240.6s 2058 acne           P=0.970  R=0.780  F1=0.865
3240.6s 2059 normal         P=1.000  R=1.000  F1=1.000
3240.6s 2060 rosacea        P=0.836  R=0.962  F1=0.895
3240.6s 2061 seborrheic     P=0.792  R=0.840  F1=0.816
3240.6s 2062 
3240.6s 2063 ────────────────────────────────────────────────────────────
3240.6s 2064 [epoch 004/50]  swin
3242.8s 2065 batch 001/51  loss=0.5686  avg=0.5686
3243.0s 2066 batch 001/51  loss=0.5686  avg=0.5686
3250.9s 2067 batch 010/51  loss=0.5012  avg=0.5667
3251.1s 2068 batch 010/51  loss=0.5012  avg=0.5667
3260.2s 2069 batch 020/51  loss=0.5804  avg=0.5550
3260.4s 2070 batch 020/51  loss=0.5804  avg=0.5550
3269.6s 2071 batch 030/51  loss=0.4883  avg=0.5539
3269.8s 2072 batch 030/51  loss=0.4883  avg=0.5539
3279.3s 2073 batch 040/51  loss=0.5498  avg=0.5536
3279.5s 2074 batch 040/51  loss=0.5498  avg=0.5536
3288.8s 2075 batch 050/51  loss=0.6059  avg=0.5552
3289.1s 2076 batch 050/51  loss=0.6059  avg=0.5552
3289.9s 2077 batch 051/51  loss=0.5264  avg=0.5547
3290.1s 2078 batch 051/51  loss=0.5264  avg=0.5547
3294.9s 2079 loss=0.5547  val_f1=0.8436  val_acc=0.8657  lr=9.84e-05  stale=0/10  *** BEST ***
3294.9s 2080 psoriasis      P=0.667  R=0.533  F1=0.593
3294.9s 2081 atopy          P=0.824  R=0.875  F1=0.849
3294.9s 2082 acne           P=0.971  R=0.805  F1=0.880
3294.9s 2083 normal         P=1.000  R=1.000  F1=1.000
3294.9s 2084 rosacea        P=0.942  R=0.924  F1=0.933
3294.9s 2085 seborrheic     P=0.746  R=0.880  F1=0.807
3294.9s 2086 
3294.9s 2087 ────────────────────────────────────────────────────────────
3294.9s 2088 [epoch 005/50]  swin
3295.1s 2089 loss=0.5547  val_f1=0.8436  val_acc=0.8657  lr=9.84e-05  stale=0/10  *** BEST ***
3295.1s 2090 psoriasis      P=0.667  R=0.533  F1=0.593
3295.1s 2091 atopy          P=0.824  R=0.875  F1=0.849
3295.1s 2092 acne           P=0.971  R=0.805  F1=0.880
3295.1s 2093 normal         P=1.000  R=1.000  F1=1.000
3295.1s 2094 rosacea        P=0.942  R=0.924  F1=0.933
3295.1s 2095 seborrheic     P=0.746  R=0.880  F1=0.807
3295.1s 2096 
3295.1s 2097 ────────────────────────────────────────────────────────────
3295.1s 2098 [epoch 005/50]  swin
3297.2s 2099 batch 001/51  loss=0.4859  avg=0.4859
3297.4s 2100 batch 001/51  loss=0.4859  avg=0.4859
3305.4s 2101 batch 010/51  loss=0.4792  avg=0.5009
3305.6s 2102 batch 010/51  loss=0.4792  avg=0.5009
3314.9s 2103 batch 020/51  loss=0.5567  avg=0.5096
3315.1s 2104 batch 020/51  loss=0.5567  avg=0.5096
3324.5s 2105 batch 030/51  loss=0.4817  avg=0.5097
3324.7s 2106 batch 030/51  loss=0.4817  avg=0.5097
3334.4s 2107 batch 040/51  loss=0.4824  avg=0.5084
3334.6s 2108 batch 040/51  loss=0.4824  avg=0.5084
3344.1s 2109 batch 050/51  loss=0.4913  avg=0.5087
3344.3s 2110 batch 050/51  loss=0.4913  avg=0.5087
3345.1s 2111 batch 051/51  loss=0.5110  avg=0.5088
3345.3s 2112 batch 051/51  loss=0.5110  avg=0.5088
3349.7s 2113 loss=0.5088  val_f1=0.8377  val_acc=0.8704  lr=9.76e-05  stale=1/10
3349.7s 2114 psoriasis      P=1.000  R=0.333  F1=0.500
3349.7s 2115 atopy          P=0.906  R=0.906  F1=0.906
3349.7s 2116 acne           P=0.972  R=0.854  F1=0.909
3349.7s 2117 normal         P=1.000  R=1.000  F1=1.000
3349.7s 2118 rosacea        P=0.958  R=0.868  F1=0.911
3349.7s 2119 seborrheic     P=0.686  R=0.960  F1=0.800
3349.7s 2120 
3349.7s 2121 ────────────────────────────────────────────────────────────
3349.7s 2122 [epoch 006/50]  swin
3349.9s 2123 loss=0.5088  val_f1=0.8377  val_acc=0.8704  lr=9.76e-05  stale=1/10
3349.9s 2124 psoriasis      P=1.000  R=0.333  F1=0.500
3349.9s 2125 atopy          P=0.906  R=0.906  F1=0.906
3349.9s 2126 acne           P=0.972  R=0.854  F1=0.909
3349.9s 2127 normal         P=1.000  R=1.000  F1=1.000
3349.9s 2128 rosacea        P=0.958  R=0.868  F1=0.911
3349.9s 2129 seborrheic     P=0.686  R=0.960  F1=0.800
3349.9s 2130 
3349.9s 2131 ────────────────────────────────────────────────────────────
3349.9s 2132 [epoch 006/50]  swin
3352.2s 2133 batch 001/51  loss=0.4886  avg=0.4886
3352.4s 2134 batch 001/51  loss=0.4886  avg=0.4886
3360.7s 2135 batch 010/51  loss=0.4550  avg=0.4897
3360.9s 2136 batch 010/51  loss=0.4550  avg=0.4897
3370.2s 2137 batch 020/51  loss=0.5292  avg=0.4931
3370.4s 2138 batch 020/51  loss=0.5292  avg=0.4931
3380.2s 2139 batch 030/51  loss=0.5119  avg=0.4945
3380.4s 2140 batch 030/51  loss=0.5119  avg=0.4945
3390.1s 2141 batch 040/51  loss=0.4564  avg=0.4939
3390.3s 2142 batch 040/51  loss=0.4564  avg=0.4939
3400.1s 2143 batch 050/51  loss=0.4712  avg=0.4931
3400.3s 2144 batch 050/51  loss=0.4712  avg=0.4931
3401.2s 2145 batch 051/51  loss=0.4956  avg=0.4932
3401.4s 2146 batch 051/51  loss=0.4956  avg=0.4932
3406.0s 2147 loss=0.4932  val_f1=0.8490  val_acc=0.8750  lr=9.65e-05  stale=0/10  *** BEST ***
3406.0s 2148 psoriasis      P=1.000  R=0.400  F1=0.571
3406.0s 2149 atopy          P=0.903  R=0.875  F1=0.889
3406.0s 2150 acne           P=0.972  R=0.854  F1=0.909
3406.0s 2151 normal         P=1.000  R=1.000  F1=1.000
3406.0s 2152 rosacea        P=0.924  R=0.924  F1=0.924
3406.0s 2153 seborrheic     P=0.708  R=0.920  F1=0.800
3406.0s 2154 
3406.0s 2155 ────────────────────────────────────────────────────────────
3406.0s 2156 [epoch 007/50]  swin
3406.2s 2157 loss=0.4932  val_f1=0.8490  val_acc=0.8750  lr=9.65e-05  stale=0/10  *** BEST ***
3406.2s 2158 psoriasis      P=1.000  R=0.400  F1=0.571
3406.2s 2159 atopy          P=0.903  R=0.875  F1=0.889
3406.2s 2160 acne           P=0.972  R=0.854  F1=0.909
3406.2s 2161 normal         P=1.000  R=1.000  F1=1.000
3406.2s 2162 rosacea        P=0.924  R=0.924  F1=0.924
3406.2s 2163 seborrheic     P=0.708  R=0.920  F1=0.800
3406.2s 2164 
3406.2s 2165 ────────────────────────────────────────────────────────────
3406.2s 2166 [epoch 007/50]  swin
3408.5s 2167 batch 001/51  loss=0.4489  avg=0.4489
3408.7s 2168 batch 001/51  loss=0.4489  avg=0.4489
3417.0s 2169 batch 010/51  loss=0.4728  avg=0.4695
3417.2s 2170 batch 010/51  loss=0.4728  avg=0.4695
3426.8s 2171 batch 020/51  loss=0.4648  avg=0.4662
3427.0s 2172 batch 020/51  loss=0.4648  avg=0.4662
3436.7s 2173 batch 030/51  loss=0.4799  avg=0.4712
3437.0s 2174 batch 030/51  loss=0.4799  avg=0.4712
3446.5s 2175 batch 040/51  loss=0.4749  avg=0.4740
3446.7s 2176 batch 040/51  loss=0.4749  avg=0.4740
3456.3s 2177 batch 050/51  loss=0.4593  avg=0.4724
3456.5s 2178 batch 050/51  loss=0.4593  avg=0.4724
3457.2s 2179 batch 051/51  loss=0.4997  avg=0.4729
3457.4s 2180 batch 051/51  loss=0.4997  avg=0.4729
3461.9s 2181 loss=0.4729  val_f1=0.8330  val_acc=0.8796  lr=9.53e-05  stale=1/10
3461.9s 2182 psoriasis      P=0.714  R=0.333  F1=0.455
3461.9s 2183 atopy          P=0.763  R=0.906  F1=0.829
3461.9s 2184 acne           P=0.925  R=0.902  F1=0.914
3461.9s 2185 normal         P=1.000  R=1.000  F1=1.000
3461.9s 2186 rosacea        P=0.979  R=0.887  F1=0.931
3461.9s 2187 seborrheic     P=0.810  R=0.940  F1=0.870
3461.9s 2188 
3461.9s 2189 ────────────────────────────────────────────────────────────
3461.9s 2190 [epoch 008/50]  swin
3462.1s 2191 loss=0.4729  val_f1=0.8330  val_acc=0.8796  lr=9.53e-05  stale=1/10
3462.1s 2192 psoriasis      P=0.714  R=0.333  F1=0.455
3462.1s 2193 atopy          P=0.763  R=0.906  F1=0.829
3462.1s 2194 acne           P=0.925  R=0.902  F1=0.914
3462.1s 2195 normal         P=1.000  R=1.000  F1=1.000
3462.1s 2196 rosacea        P=0.979  R=0.887  F1=0.931
3462.1s 2197 seborrheic     P=0.810  R=0.940  F1=0.870
3462.1s 2198 
3462.1s 2199 ────────────────────────────────────────────────────────────
3462.1s 2200 [epoch 008/50]  swin
3464.4s 2201 batch 001/51  loss=0.4549  avg=0.4549
3464.6s 2202 batch 001/51  loss=0.4549  avg=0.4549
3472.8s 2203 batch 010/51  loss=0.4607  avg=0.4684
3473.1s 2204 batch 010/51  loss=0.4607  avg=0.4684
3482.6s 2205 batch 020/51  loss=0.4480  avg=0.4708
3482.8s 2206 batch 020/51  loss=0.4480  avg=0.4708
3492.4s 2207 batch 030/51  loss=0.4574  avg=0.4670
3492.6s 2208 batch 030/51  loss=0.4574  avg=0.4670
3502.0s 2209 batch 040/51  loss=0.4484  avg=0.4660
3502.2s 2210 batch 040/51  loss=0.4484  avg=0.4660
3511.9s 2211 batch 050/51  loss=0.5063  avg=0.4669
3512.1s 2212 batch 050/51  loss=0.5063  avg=0.4669
3512.5s 2213 batch 051/51  loss=0.4411  avg=0.4664
3512.7s 2214 batch 051/51  loss=0.4411  avg=0.4664
3517.2s 2215 loss=0.4664  val_f1=0.8265  val_acc=0.8565  lr=9.39e-05  stale=2/10
3517.2s 2216 psoriasis      P=0.583  R=0.467  F1=0.518
3517.2s 2217 atopy          P=0.844  R=0.844  F1=0.844
3517.2s 2218 acne           P=0.969  R=0.756  F1=0.849
3517.2s 2219 normal         P=1.000  R=1.000  F1=1.000
3517.2s 2220 rosacea        P=0.941  R=0.906  F1=0.923
3517.2s 2221 seborrheic     P=0.734  R=0.940  F1=0.825
3517.2s 2222 
3517.2s 2223 ────────────────────────────────────────────────────────────
3517.2s 2224 [epoch 009/50]  swin
3517.4s 2225 loss=0.4664  val_f1=0.8265  val_acc=0.8565  lr=9.39e-05  stale=2/10
3517.4s 2226 psoriasis      P=0.583  R=0.467  F1=0.518
3517.4s 2227 atopy          P=0.844  R=0.844  F1=0.844
3517.4s 2228 acne           P=0.969  R=0.756  F1=0.849
3517.4s 2229 normal         P=1.000  R=1.000  F1=1.000
3517.4s 2230 rosacea        P=0.941  R=0.906  F1=0.923
3517.4s 2231 seborrheic     P=0.734  R=0.940  F1=0.825
3517.4s 2232 
3517.4s 2233 ────────────────────────────────────────────────────────────
3517.4s 2234 [epoch 009/50]  swin
3519.6s 2235 batch 001/51  loss=0.5008  avg=0.5008
3519.8s 2236 batch 001/51  loss=0.5008  avg=0.5008
3528.4s 2237 batch 010/51  loss=0.4536  avg=0.4600
3528.6s 2238 batch 010/51  loss=0.4536  avg=0.4600
3537.8s 2239 batch 020/51  loss=0.4596  avg=0.4562
3538.0s 2240 batch 020/51  loss=0.4596  avg=0.4562
3547.9s 2241 batch 030/51  loss=0.4426  avg=0.4521
3548.1s 2242 batch 030/51  loss=0.4426  avg=0.4521
3557.4s 2243 batch 040/51  loss=0.4475  avg=0.4517
3557.6s 2244 batch 040/51  loss=0.4475  avg=0.4517
3567.0s 2245 batch 050/51  loss=0.4627  avg=0.4514
3567.2s 2246 batch 050/51  loss=0.4627  avg=0.4514
3568.2s 2247 batch 051/51  loss=0.4709  avg=0.4518
3568.4s 2248 batch 051/51  loss=0.4709  avg=0.4518
3573.2s 2249 loss=0.4518  val_f1=0.8616  val_acc=0.8843  lr=9.23e-05  stale=0/10  *** BEST ***
3573.2s 2250 psoriasis      P=0.727  R=0.533  F1=0.615
3573.2s 2251 atopy          P=0.875  R=0.875  F1=0.875
3573.2s 2252 acne           P=0.925  R=0.902  F1=0.914
3573.2s 2253 normal         P=1.000  R=1.000  F1=1.000
3573.2s 2254 rosacea        P=0.959  R=0.887  F1=0.922
3573.2s 2255 seborrheic     P=0.780  R=0.920  F1=0.844
3573.2s 2256 
3573.2s 2257 ────────────────────────────────────────────────────────────
3573.2s 2258 [epoch 010/50]  swin
3573.4s 2259 loss=0.4518  val_f1=0.8616  val_acc=0.8843  lr=9.23e-05  stale=0/10  *** BEST ***
3573.4s 2260 psoriasis      P=0.727  R=0.533  F1=0.615
3573.4s 2261 atopy          P=0.875  R=0.875  F1=0.875
3573.4s 2262 acne           P=0.925  R=0.902  F1=0.914
3573.4s 2263 normal         P=1.000  R=1.000  F1=1.000
3573.4s 2264 rosacea        P=0.959  R=0.887  F1=0.922
3573.4s 2265 seborrheic     P=0.780  R=0.920  F1=0.844
3573.4s 2266 
3573.4s 2267 ────────────────────────────────────────────────────────────
3573.4s 2268 [epoch 010/50]  swin
3575.6s 2269 batch 001/51  loss=0.4467  avg=0.4467
3575.8s 2270 batch 001/51  loss=0.4467  avg=0.4467
3584.2s 2271 batch 010/51  loss=0.4412  avg=0.4537
3584.5s 2272 batch 010/51  loss=0.4412  avg=0.4537
3594.2s 2273 batch 020/51  loss=0.4357  avg=0.4541
3594.4s 2274 batch 020/51  loss=0.4357  avg=0.4541
3603.9s 2275 batch 030/51  loss=0.4582  avg=0.4533
3604.1s 2276 batch 030/51  loss=0.4582  avg=0.4533
3614.1s 2277 batch 040/51  loss=0.4500  avg=0.4524
3614.3s 2278 batch 040/51  loss=0.4500  avg=0.4524
3623.5s 2279 batch 050/51  loss=0.4464  avg=0.4523
3623.8s 2280 batch 050/51  loss=0.4464  avg=0.4523
3624.7s 2281 batch 051/51  loss=0.4672  avg=0.4525
3624.9s 2282 batch 051/51  loss=0.4672  avg=0.4525
3629.4s 2283 loss=0.4525  val_f1=0.8340  val_acc=0.8657  lr=9.05e-05  stale=1/10
3629.4s 2284 psoriasis      P=0.857  R=0.400  F1=0.545
3629.4s 2285 atopy          P=0.800  R=0.875  F1=0.836
3629.4s 2286 acne           P=0.923  R=0.878  F1=0.900
3629.4s 2287 normal         P=1.000  R=1.000  F1=1.000
3629.4s 2288 rosacea        P=0.864  R=0.962  F1=0.911
3629.4s 2289 seborrheic     P=0.804  R=0.820  F1=0.812
3629.4s 2290 
3629.4s 2291 ────────────────────────────────────────────────────────────
3629.4s 2292 [epoch 011/50]  swin
3629.6s 2293 loss=0.4525  val_f1=0.8340  val_acc=0.8657  lr=9.05e-05  stale=1/10
3629.6s 2294 psoriasis      P=0.857  R=0.400  F1=0.545
3629.6s 2295 atopy          P=0.800  R=0.875  F1=0.836
3629.6s 2296 acne           P=0.923  R=0.878  F1=0.900
3629.6s 2297 normal         P=1.000  R=1.000  F1=1.000
3629.6s 2298 rosacea        P=0.864  R=0.962  F1=0.911
3629.6s 2299 seborrheic     P=0.804  R=0.820  F1=0.812
3629.6s 2300 
3629.6s 2301 ────────────────────────────────────────────────────────────
3629.6s 2302 [epoch 011/50]  swin
3631.8s 2303 batch 001/51  loss=0.4319  avg=0.4319
3632.0s 2304 batch 001/51  loss=0.4319  avg=0.4319
3640.3s 2305 batch 010/51  loss=0.4963  avg=0.4490
3640.5s 2306 batch 010/51  loss=0.4963  avg=0.4490
3650.2s 2307 batch 020/51  loss=0.4490  avg=0.4490
3650.4s 2308 batch 020/51  loss=0.4490  avg=0.4490
3659.9s 2309 batch 030/51  loss=0.4353  avg=0.4473
3660.1s 2310 batch 030/51  loss=0.4353  avg=0.4473
3669.6s 2311 batch 040/51  loss=0.4510  avg=0.4458
3669.8s 2312 batch 040/51  loss=0.4510  avg=0.4458
3679.6s 2313 batch 050/51  loss=0.4430  avg=0.4449
3679.8s 2314 batch 050/51  loss=0.4430  avg=0.4449
3680.6s 2315 batch 051/51  loss=0.4337  avg=0.4447
3680.8s 2316 batch 051/51  loss=0.4337  avg=0.4447
3685.7s 2317 loss=0.4447  val_f1=0.8548  val_acc=0.8750  lr=8.86e-05  stale=2/10
3685.7s 2318 psoriasis      P=0.727  R=0.533  F1=0.615
3685.7s 2319 atopy          P=0.963  R=0.812  F1=0.881
3685.7s 2320 acne           P=0.881  R=0.902  F1=0.892
3685.7s 2321 normal         P=1.000  R=1.000  F1=1.000
3685.7s 2322 rosacea        P=0.922  R=0.887  F1=0.904
3685.7s 2323 seborrheic     P=0.767  R=0.920  F1=0.836
3685.7s 2324 
3685.7s 2325 ────────────────────────────────────────────────────────────
3685.7s 2326 [epoch 012/50]  swin
3685.9s 2327 loss=0.4447  val_f1=0.8548  val_acc=0.8750  lr=8.86e-05  stale=2/10
3685.9s 2328 psoriasis      P=0.727  R=0.533  F1=0.615
3685.9s 2329 atopy          P=0.963  R=0.812  F1=0.881
3685.9s 2330 acne           P=0.881  R=0.902  F1=0.892
3685.9s 2331 normal         P=1.000  R=1.000  F1=1.000
3685.9s 2332 rosacea        P=0.922  R=0.887  F1=0.904
3685.9s 2333 seborrheic     P=0.767  R=0.920  F1=0.836
3685.9s 2334 
3685.9s 2335 ────────────────────────────────────────────────────────────
3685.9s 2336 [epoch 012/50]  swin
3688.3s 2337 batch 001/51  loss=0.4506  avg=0.4506
3688.5s 2338 batch 001/51  loss=0.4506  avg=0.4506
3696.6s 2339 batch 010/51  loss=0.4464  avg=0.4468
3696.8s 2340 batch 010/51  loss=0.4464  avg=0.4468
3706.7s 2341 batch 020/51  loss=0.4344  avg=0.4456
3706.9s 2342 batch 020/51  loss=0.4344  avg=0.4456
3716.9s 2343 batch 030/51  loss=0.4532  avg=0.4456
3717.1s 2344 batch 030/51  loss=0.4532  avg=0.4456
3726.9s 2345 batch 040/51  loss=0.4697  avg=0.4477
3727.1s 2346 batch 040/51  loss=0.4697  avg=0.4477
3736.9s 2347 batch 050/51  loss=0.4443  avg=0.4487
3737.1s 2348 batch 050/51  loss=0.4443  avg=0.4487
3737.8s 2349 batch 051/51  loss=0.4366  avg=0.4484
3738.0s 2350 batch 051/51  loss=0.4366  avg=0.4484
3742.4s 2351 loss=0.4484  val_f1=0.8173  val_acc=0.8704  lr=8.66e-05  stale=3/10
3742.4s 2352 psoriasis      P=0.800  R=0.267  F1=0.400
3742.4s 2353 atopy          P=0.725  R=0.906  F1=0.806
3742.4s 2354 acne           P=0.949  R=0.902  F1=0.925
3742.4s 2355 normal         P=1.000  R=1.000  F1=1.000
3742.4s 2356 rosacea        P=0.960  R=0.906  F1=0.932
3742.4s 2357 seborrheic     P=0.789  R=0.900  F1=0.841
3742.4s 2358 
3742.4s 2359 ────────────────────────────────────────────────────────────
3742.4s 2360 [epoch 013/50]  swin
3742.6s 2361 loss=0.4484  val_f1=0.8173  val_acc=0.8704  lr=8.66e-05  stale=3/10
3742.6s 2362 psoriasis      P=0.800  R=0.267  F1=0.400
3742.6s 2363 atopy          P=0.725  R=0.906  F1=0.806
3742.6s 2364 acne           P=0.949  R=0.902  F1=0.925
3742.6s 2365 normal         P=1.000  R=1.000  F1=1.000
3742.6s 2366 rosacea        P=0.960  R=0.906  F1=0.932
3742.6s 2367 seborrheic     P=0.789  R=0.900  F1=0.841
3742.6s 2368 
3742.6s 2369 ────────────────────────────────────────────────────────────
3742.6s 2370 [epoch 013/50]  swin
3744.9s 2371 batch 001/51  loss=0.4334  avg=0.4334
3745.1s 2372 batch 001/51  loss=0.4334  avg=0.4334
3753.3s 2373 batch 010/51  loss=0.4507  avg=0.4536
3753.5s 2374 batch 010/51  loss=0.4507  avg=0.4536
3763.3s 2375 batch 020/51  loss=0.4341  avg=0.4497
3763.5s 2376 batch 020/51  loss=0.4341  avg=0.4497
3773.1s 2377 batch 030/51  loss=0.4389  avg=0.4473
3773.3s 2378 batch 030/51  loss=0.4389  avg=0.4473
3783.1s 2379 batch 040/51  loss=0.4335  avg=0.4470
3783.3s 2380 batch 040/51  loss=0.4335  avg=0.4470
3793.2s 2381 batch 050/51  loss=0.4277  avg=0.4459
3793.4s 2382 batch 050/51  loss=0.4277  avg=0.4459
3794.3s 2383 batch 051/51  loss=0.4594  avg=0.4461
3794.5s 2384 batch 051/51  loss=0.4594  avg=0.4461
3798.9s 2385 loss=0.4461  val_f1=0.8527  val_acc=0.8796  lr=8.44e-05  stale=4/10
3798.9s 2386 psoriasis      P=0.778  R=0.467  F1=0.583
3798.9s 2387 atopy          P=0.963  R=0.812  F1=0.881
3798.9s 2388 acne           P=0.900  R=0.878  F1=0.889
3798.9s 2389 normal         P=1.000  R=1.000  F1=1.000
3798.9s 2390 rosacea        P=0.906  R=0.906  F1=0.906
3798.9s 2391 seborrheic     P=0.774  R=0.960  F1=0.857
3798.9s 2392 
3798.9s 2393 ────────────────────────────────────────────────────────────
3798.9s 2394 [epoch 014/50]  swin
3799.1s 2395 loss=0.4461  val_f1=0.8527  val_acc=0.8796  lr=8.44e-05  stale=4/10
3799.1s 2396 psoriasis      P=0.778  R=0.467  F1=0.583
3799.1s 2397 atopy          P=0.963  R=0.812  F1=0.881
3799.1s 2398 acne           P=0.900  R=0.878  F1=0.889
3799.1s 2399 normal         P=1.000  R=1.000  F1=1.000
3799.1s 2400 rosacea        P=0.906  R=0.906  F1=0.906
3799.1s 2401 seborrheic     P=0.774  R=0.960  F1=0.857
3799.1s 2402 
3799.1s 2403 ────────────────────────────────────────────────────────────
3799.1s 2404 [epoch 014/50]  swin
3801.4s 2405 batch 001/51  loss=0.4442  avg=0.4442
3801.6s 2406 batch 001/51  loss=0.4442  avg=0.4442
3809.7s 2407 batch 010/51  loss=0.4399  avg=0.4460
3809.9s 2408 batch 010/51  loss=0.4399  avg=0.4460
3819.6s 2409 batch 020/51  loss=0.4315  avg=0.4438
3819.8s 2410 batch 020/51  loss=0.4315  avg=0.4438
3829.3s 2411 batch 030/51  loss=0.4359  avg=0.4494
3829.5s 2412 batch 030/51  loss=0.4359  avg=0.4494
3839.2s 2413 batch 040/51  loss=0.4427  avg=0.4526
3839.4s 2414 batch 040/51  loss=0.4427  avg=0.4526
3848.9s 2415 batch 050/51  loss=0.4354  avg=0.4511
3849.1s 2416 batch 050/51  loss=0.4354  avg=0.4511
3850.1s 2417 batch 051/51  loss=0.4450  avg=0.4510
3850.3s 2418 batch 051/51  loss=0.4450  avg=0.4510
3854.8s 2419 loss=0.4510  val_f1=0.8059  val_acc=0.8611  lr=8.21e-05  stale=5/10
3854.8s 2420 psoriasis      P=1.000  R=0.267  F1=0.421
3854.8s 2421 atopy          P=0.955  R=0.656  F1=0.778
3854.8s 2422 acne           P=0.864  R=0.927  F1=0.894
3854.8s 2423 normal         P=0.962  R=1.000  F1=0.980
3854.8s 2424 rosacea        P=0.924  R=0.924  F1=0.924
3854.8s 2425 seborrheic     P=0.731  R=0.980  F1=0.838
3854.8s 2426 
3854.8s 2427 ────────────────────────────────────────────────────────────
3854.8s 2428 [epoch 015/50]  swin
3855.0s 2429 loss=0.4510  val_f1=0.8059  val_acc=0.8611  lr=8.21e-05  stale=5/10
3855.0s 2430 psoriasis      P=1.000  R=0.267  F1=0.421
3855.0s 2431 atopy          P=0.955  R=0.656  F1=0.778
3855.0s 2432 acne           P=0.864  R=0.927  F1=0.894
3855.0s 2433 normal         P=0.962  R=1.000  F1=0.980
3855.0s 2434 rosacea        P=0.924  R=0.924  F1=0.924
3855.0s 2435 seborrheic     P=0.731  R=0.980  F1=0.838
3855.0s 2436 
3855.0s 2437 ────────────────────────────────────────────────────────────
3855.0s 2438 [epoch 015/50]  swin
3857.3s 2439 batch 001/51  loss=0.4760  avg=0.4760
3857.5s 2440 batch 001/51  loss=0.4760  avg=0.4760
3866.0s 2441 batch 010/51  loss=0.4730  avg=0.4575
3866.2s 2442 batch 010/51  loss=0.4730  avg=0.4575
3875.5s 2443 batch 020/51  loss=0.4404  avg=0.4471
3875.7s 2444 batch 020/51  loss=0.4404  avg=0.4471
3885.5s 2445 batch 030/51  loss=0.4394  avg=0.4463
3885.7s 2446 batch 030/51  loss=0.4394  avg=0.4463
3894.8s 2447 batch 040/51  loss=0.4337  avg=0.4435
3895.0s 2448 batch 040/51  loss=0.4337  avg=0.4435
3904.5s 2449 batch 050/51  loss=0.4306  avg=0.4448
3904.8s 2450 batch 050/51  loss=0.4306  avg=0.4448
3905.7s 2451 batch 051/51  loss=0.4409  avg=0.4447
3905.9s 2452 batch 051/51  loss=0.4409  avg=0.4447
3910.3s 2453 loss=0.4447  val_f1=0.8597  val_acc=0.8889  lr=7.96e-05  stale=6/10
3910.3s 2454 psoriasis      P=0.875  R=0.467  F1=0.609
3910.3s 2455 atopy          P=0.844  R=0.844  F1=0.844
3910.3s 2456 acne           P=0.884  R=0.927  F1=0.905
3910.3s 2457 normal         P=1.000  R=1.000  F1=1.000
3910.3s 2458 rosacea        P=0.942  R=0.924  F1=0.933
3910.3s 2459 seborrheic     P=0.821  R=0.920  F1=0.868
3910.3s 2460 
3910.3s 2461 ────────────────────────────────────────────────────────────
3910.3s 2462 [epoch 016/50]  swin
3910.5s 2463 loss=0.4447  val_f1=0.8597  val_acc=0.8889  lr=7.96e-05  stale=6/10
3910.5s 2464 psoriasis      P=0.875  R=0.467  F1=0.609
3910.5s 2465 atopy          P=0.844  R=0.844  F1=0.844
3910.5s 2466 acne           P=0.884  R=0.927  F1=0.905
3910.5s 2467 normal         P=1.000  R=1.000  F1=1.000
3910.5s 2468 rosacea        P=0.942  R=0.924  F1=0.933
3910.5s 2469 seborrheic     P=0.821  R=0.920  F1=0.868
3910.5s 2470 
3910.5s 2471 ────────────────────────────────────────────────────────────
3910.5s 2472 [epoch 016/50]  swin
3912.6s 2473 batch 001/51  loss=0.4349  avg=0.4349
3912.8s 2474 batch 001/51  loss=0.4349  avg=0.4349
3921.4s 2475 batch 010/51  loss=0.4515  avg=0.4402
3921.6s 2476 batch 010/51  loss=0.4515  avg=0.4402
3931.4s 2477 batch 020/51  loss=0.4324  avg=0.4381
3931.6s 2478 batch 020/51  loss=0.4324  avg=0.4381
3941.2s 2479 batch 030/51  loss=0.4371  avg=0.4359
3941.4s 2480 batch 030/51  loss=0.4371  avg=0.4359
3951.2s 2481 batch 040/51  loss=0.4408  avg=0.4362
3951.4s 2482 batch 040/51  loss=0.4408  avg=0.4362
3961.2s 2483 batch 050/51  loss=0.4428  avg=0.4376
3961.4s 2484 batch 050/51  loss=0.4428  avg=0.4376
3962.3s 2485 batch 051/51  loss=0.4502  avg=0.4378
3962.5s 2486 batch 051/51  loss=0.4502  avg=0.4378
3967.0s 2487 loss=0.4378  val_f1=0.8385  val_acc=0.8565  lr=7.70e-05  stale=7/10
3967.0s 2488 psoriasis      P=0.643  R=0.600  F1=0.621
3967.0s 2489 atopy          P=0.707  R=0.906  F1=0.794
3967.0s 2490 acne           P=0.944  R=0.829  F1=0.883
3967.0s 2491 normal         P=1.000  R=1.000  F1=1.000
3967.0s 2492 rosacea        P=0.940  R=0.887  F1=0.913
3967.0s 2493 seborrheic     P=0.820  R=0.820  F1=0.820
3967.0s 2494 
3967.0s 2495 ────────────────────────────────────────────────────────────
3967.0s 2496 [epoch 017/50]  swin
3967.2s 2497 loss=0.4378  val_f1=0.8385  val_acc=0.8565  lr=7.70e-05  stale=7/10
3967.2s 2498 psoriasis      P=0.643  R=0.600  F1=0.621
3967.2s 2499 atopy          P=0.707  R=0.906  F1=0.794
3967.2s 2500 acne           P=0.944  R=0.829  F1=0.883
3967.2s 2501 normal         P=1.000  R=1.000  F1=1.000
3967.2s 2502 rosacea        P=0.940  R=0.887  F1=0.913
3967.2s 2503 seborrheic     P=0.820  R=0.820  F1=0.820
3967.2s 2504 
3967.2s 2505 ────────────────────────────────────────────────────────────
3967.2s 2506 [epoch 017/50]  swin
3969.6s 2507 batch 001/51  loss=0.4410  avg=0.4410
3969.8s 2508 batch 001/51  loss=0.4410  avg=0.4410
3978.5s 2509 batch 010/51  loss=0.4378  avg=0.4391
3978.7s 2510 batch 010/51  loss=0.4378  avg=0.4391
3988.9s 2511 batch 020/51  loss=0.4359  avg=0.4420
3989.2s 2512 batch 020/51  loss=0.4359  avg=0.4420
3999.3s 2513 batch 030/51  loss=0.4298  avg=0.4431
3999.5s 2514 batch 030/51  loss=0.4298  avg=0.4431
4009.7s 2515 batch 040/51  loss=0.4310  avg=0.4403
4009.9s 2516 batch 040/51  loss=0.4310  avg=0.4403
4019.9s 2517 batch 050/51  loss=0.4300  avg=0.4388
4020.1s 2518 batch 050/51  loss=0.4300  avg=0.4388
4021.2s 2519 batch 051/51  loss=0.4431  avg=0.4389
4021.4s 2520 batch 051/51  loss=0.4431  avg=0.4389
4025.8s 2521 loss=0.4389  val_f1=0.8499  val_acc=0.8704  lr=7.43e-05  stale=8/10
4025.8s 2522 psoriasis      P=0.667  R=0.667  F1=0.667
4025.8s 2523 atopy          P=0.955  R=0.656  F1=0.778
4025.8s 2524 acne           P=0.875  R=0.854  F1=0.864
4025.8s 2525 normal         P=1.000  R=1.000  F1=1.000
4025.8s 2526 rosacea        P=0.942  R=0.924  F1=0.933
4025.8s 2527 seborrheic     P=0.774  R=0.960  F1=0.857
4025.8s 2528 
4025.8s 2529 ────────────────────────────────────────────────────────────
4025.8s 2530 [epoch 018/50]  swin
4026.0s 2531 loss=0.4389  val_f1=0.8499  val_acc=0.8704  lr=7.43e-05  stale=8/10
4026.0s 2532 psoriasis      P=0.667  R=0.667  F1=0.667
4026.0s 2533 atopy          P=0.955  R=0.656  F1=0.778
4026.0s 2534 acne           P=0.875  R=0.854  F1=0.864
4026.0s 2535 normal         P=1.000  R=1.000  F1=1.000
4026.0s 2536 rosacea        P=0.942  R=0.924  F1=0.933
4026.0s 2537 seborrheic     P=0.774  R=0.960  F1=0.857
4026.0s 2538 
4026.0s 2539 ────────────────────────────────────────────────────────────
4026.0s 2540 [epoch 018/50]  swin
4028.2s 2541 batch 001/51  loss=0.4317  avg=0.4317
4028.4s 2542 batch 001/51  loss=0.4317  avg=0.4317
4036.9s 2543 batch 010/51  loss=0.4332  avg=0.4320
4037.1s 2544 batch 010/51  loss=0.4332  avg=0.4320
4046.6s 2545 batch 020/51  loss=0.4339  avg=0.4385
4046.8s 2546 batch 020/51  loss=0.4339  avg=0.4385
4056.8s 2547 batch 030/51  loss=0.4435  avg=0.4382
4057.0s 2548 batch 030/51  loss=0.4435  avg=0.4382
4067.0s 2549 batch 040/51  loss=0.4297  avg=0.4395
4067.2s 2550 batch 040/51  loss=0.4297  avg=0.4395
4076.6s 2551 batch 050/51  loss=0.4312  avg=0.4383
4076.8s 2552 batch 050/51  loss=0.4312  avg=0.4383
4077.2s 2553 batch 051/51  loss=0.4304  avg=0.4381
4077.4s 2554 batch 051/51  loss=0.4304  avg=0.4381
4082.1s 2555 loss=0.4381  val_f1=0.8488  val_acc=0.8796  lr=7.16e-05  stale=9/10
4082.1s 2556 psoriasis      P=0.700  R=0.467  F1=0.560
4082.1s 2557 atopy          P=0.897  R=0.812  F1=0.853
4082.1s 2558 acne           P=0.946  R=0.854  F1=0.897
4082.1s 2559 normal         P=1.000  R=1.000  F1=1.000
4082.1s 2560 rosacea        P=0.942  R=0.924  F1=0.933
4082.1s 2561 seborrheic     P=0.762  R=0.960  F1=0.850
4082.1s 2562 
4082.1s 2563 ────────────────────────────────────────────────────────────
4082.1s 2564 [epoch 019/50]  swin
4082.3s 2565 loss=0.4381  val_f1=0.8488  val_acc=0.8796  lr=7.16e-05  stale=9/10
4082.3s 2566 psoriasis      P=0.700  R=0.467  F1=0.560
4082.3s 2567 atopy          P=0.897  R=0.812  F1=0.853
4082.3s 2568 acne           P=0.946  R=0.854  F1=0.897
4082.3s 2569 normal         P=1.000  R=1.000  F1=1.000
4082.3s 2570 rosacea        P=0.942  R=0.924  F1=0.933
4082.3s 2571 seborrheic     P=0.762  R=0.960  F1=0.850
4082.3s 2572 
4082.3s 2573 ────────────────────────────────────────────────────────────
4082.3s 2574 [epoch 019/50]  swin
4084.5s 2575 batch 001/51  loss=0.4320  avg=0.4320
4084.7s 2576 batch 001/51  loss=0.4320  avg=0.4320
4093.2s 2577 batch 010/51  loss=0.4311  avg=0.4449
4093.4s 2578 batch 010/51  loss=0.4311  avg=0.4449
4102.9s 2579 batch 020/51  loss=0.4317  avg=0.4400
4103.1s 2580 batch 020/51  loss=0.4317  avg=0.4400
4112.6s 2581 batch 030/51  loss=0.4302  avg=0.4378
4112.9s 2582 batch 030/51  loss=0.4302  avg=0.4378
4122.4s 2583 batch 040/51  loss=0.4606  avg=0.4383
4122.6s 2584 batch 040/51  loss=0.4606  avg=0.4383
4132.4s 2585 batch 050/51  loss=0.4515  avg=0.4386
4132.6s 2586 batch 050/51  loss=0.4515  avg=0.4386
4133.5s 2587 batch 051/51  loss=0.4587  avg=0.4390
4133.7s 2588 batch 051/51  loss=0.4587  avg=0.4390
4138.2s 2589 loss=0.4390  val_f1=0.8282  val_acc=0.8657  lr=6.87e-05  stale=10/10
4138.2s 2590 psoriasis      P=0.500  R=0.400  F1=0.444
4138.2s 2591 atopy          P=0.933  R=0.875  F1=0.903
4138.2s 2592 acne           P=0.970  R=0.780  F1=0.865
4138.2s 2593 normal         P=1.000  R=1.000  F1=1.000
4138.2s 2594 rosacea        P=0.923  R=0.906  F1=0.914
4138.2s 2595 seborrheic     P=0.750  R=0.960  F1=0.842
4138.2s 2596 
4138.2s 2597 [early stop] epoch=19  best_epoch=9  best_f1=0.8616  stale=10
4138.2s 2598 
4138.2s 2599 [test]
4138.4s 2600 loss=0.4390  val_f1=0.8282  val_acc=0.8657  lr=6.87e-05  stale=10/10
4138.4s 2601 psoriasis      P=0.500  R=0.400  F1=0.444
4138.4s 2602 atopy          P=0.933  R=0.875  F1=0.903
4138.4s 2603 acne           P=0.970  R=0.780  F1=0.865
4138.4s 2604 normal         P=1.000  R=1.000  F1=1.000
4138.4s 2605 rosacea        P=0.923  R=0.906  F1=0.914
4138.4s 2606 seborrheic     P=0.750  R=0.960  F1=0.842
4138.4s 2607 
4138.4s 2608 [early stop] epoch=19  best_epoch=9  best_f1=0.8616  stale=10
4138.4s 2609 
4138.4s 2610 [test]
4143.6s 2611 acc=0.8800  f1=0.8850  recall=0.8818  conf=0.8513
4143.6s 2612 psoriasis      P=0.812  R=0.765  F1=0.788
4143.6s 2613 atopy          P=0.964  R=0.931  F1=0.947
4143.6s 2614 acne           P=0.852  R=0.939  F1=0.893
4143.6s 2615 normal         P=1.000  R=1.000  F1=1.000
4143.6s 2616 rosacea        P=0.920  R=0.868  F1=0.893
4143.6s 2617 seborrheic     P=0.788  R=0.788  F1=0.788
4143.6s 2618 [summary] /kaggle/working/outputs_20260504_064512/checkpoints/swin/summary.json
4143.8s 2619 acc=0.8800  f1=0.8850  recall=0.8818  conf=0.8513
4143.8s 2620 psoriasis      P=0.812  R=0.765  F1=0.788
4143.8s 2621 atopy          P=0.964  R=0.931  F1=0.947
4143.8s 2622 acne           P=0.852  R=0.939  F1=0.893
4143.8s 2623 normal         P=1.000  R=1.000  F1=1.000
4143.8s 2624 rosacea        P=0.920  R=0.868  F1=0.893
4143.8s 2625 seborrheic     P=0.788  R=0.788  F1=0.788
4143.8s 2626 [summary] /kaggle/working/outputs_20260504_064512/checkpoints/swin/summary.json
4144.9s 2627 [weights_pool] swin_best.pth
4144.9s 2628 [done] swin  exit_code=0  end=2026-05-04 07:53:59
4144.9s 2629 [weights_pool] all 4 single-model checkpoints ready
4144.9s 2630 
4144.9s 2631 ============================================================
4144.9s 2632 [model] densenet_swin  start=2026-05-04 07:53:59
4144.9s 2633 ============================================================
4145.1s 2634 [weights_pool] swin_best.pth
4145.1s 2635 [done] swin  exit_code=0  end=2026-05-04 07:53:59
4145.1s 2636 [weights_pool] all 4 single-model checkpoints ready
4145.1s 2637 
4145.1s 2638 ============================================================
4145.1s 2639 [model] densenet_swin  start=2026-05-04 07:53:59
4145.1s 2640 ============================================================
4148.7s 2641 [init] model=densenet_swin  device=cuda  gpus=2
4148.7s 2642 epochs=50  min_epochs=10  patience=10  min_delta=0.001
4148.9s 2643 [init] model=densenet_swin  device=cuda  gpus=2
4148.9s 2644 epochs=50  min_epochs=10  patience=10  min_delta=0.001
4149.0s 2645 loaded /kaggle/working/outputs_20260504_064512/weights_pool/densenet_best.pth
4149.2s 2646 loaded /kaggle/working/outputs_20260504_064512/weights_pool/densenet_best.pth
4149.7s 2647 loaded /kaggle/working/outputs_20260504_064512/weights_pool/swin_best.pth
4149.9s 2648 loaded /kaggle/working/outputs_20260504_064512/weights_pool/swin_best.pth
4150.0s 2649 [init] DataParallel: 2 GPUs
4150.2s 2650 [init] DataParallel: 2 GPUs
4150.3s 2651 
4150.3s 2652 ────────────────────────────────────────────────────────────
4150.3s 2653 [epoch 001/50]  densenet_swin
4150.5s 2654 
4150.5s 2655 ────────────────────────────────────────────────────────────
4150.5s 2656 [epoch 001/50]  densenet_swin
4156.2s 2657 batch 001/51  loss=0.1454  avg=0.1454
4156.4s 2658 batch 001/51  loss=0.1454  avg=0.1454
4166.1s 2659 batch 010/51  loss=0.0608  avg=0.0877
4166.3s 2660 batch 010/51  loss=0.0608  avg=0.0877
4179.2s 2661 batch 020/51  loss=0.0650  avg=0.0646
4179.5s 2662 batch 020/51  loss=0.0650  avg=0.0646
4192.2s 2663 batch 030/51  loss=0.0327  avg=0.0603
4192.4s 2664 batch 030/51  loss=0.0327  avg=0.0603
4204.8s 2665 batch 040/51  loss=0.0685  avg=0.0605
4205.0s 2666 batch 040/51  loss=0.0685  avg=0.0605
4217.4s 2667 batch 050/51  loss=0.0322  avg=0.0608
4217.7s 2668 batch 050/51  loss=0.0322  avg=0.0608
4218.8s 2669 batch 051/51  loss=0.0407  avg=0.0604
4219.0s 2670 batch 051/51  loss=0.0407  avg=0.0604
4225.0s 2671 loss=0.0604  val_f1=0.8665  val_acc=0.8796  lr=9.99e-05  stale=0/10  *** BEST ***
4225.0s 2672 psoriasis      P=0.818  R=0.600  F1=0.692
4225.0s 2673 atopy          P=0.962  R=0.781  F1=0.862
4225.0s 2674 acne           P=0.900  R=0.878  F1=0.889
4225.0s 2675 normal         P=1.000  R=1.000  F1=1.000
4225.0s 2676 rosacea        P=0.958  R=0.868  F1=0.911
4225.0s 2677 seborrheic     P=0.742  R=0.980  F1=0.845
4225.0s 2678 
4225.0s 2679 ────────────────────────────────────────────────────────────
4225.0s 2680 [epoch 002/50]  densenet_swin
4225.2s 2681 loss=0.0604  val_f1=0.8665  val_acc=0.8796  lr=9.99e-05  stale=0/10  *** BEST ***
4225.2s 2682 psoriasis      P=0.818  R=0.600  F1=0.692
4225.2s 2683 atopy          P=0.962  R=0.781  F1=0.862
4225.2s 2684 acne           P=0.900  R=0.878  F1=0.889
4225.2s 2685 normal         P=1.000  R=1.000  F1=1.000
4225.2s 2686 rosacea        P=0.958  R=0.868  F1=0.911
4225.2s 2687 seborrheic     P=0.742  R=0.980  F1=0.845
4225.2s 2688 
4225.2s 2689 ────────────────────────────────────────────────────────────
4225.2s 2690 [epoch 002/50]  densenet_swin
4228.3s 2691 batch 001/51  loss=0.0481  avg=0.0481
4228.5s 2692 batch 001/51  loss=0.0481  avg=0.0481
4239.5s 2693 batch 010/51  loss=0.0312  avg=0.0330
4239.7s 2694 batch 010/51  loss=0.0312  avg=0.0330
4252.6s 2695 batch 020/51  loss=0.0440  avg=0.0393
4252.9s 2696 batch 020/51  loss=0.0440  avg=0.0393
4266.4s 2697 batch 030/51  loss=0.0109  avg=0.0418
4266.6s 2698 batch 030/51  loss=0.0109  avg=0.0418
4279.9s 2699 batch 040/51  loss=0.0091  avg=0.0418
4280.1s 2700 batch 040/51  loss=0.0091  avg=0.0418
4293.0s 2701 batch 050/51  loss=0.0036  avg=0.0425
4293.3s 2702 batch 050/51  loss=0.0036  avg=0.0425
4294.5s 2703 batch 051/51  loss=0.0398  avg=0.0425
4294.7s 2704 batch 051/51  loss=0.0398  avg=0.0425
4300.8s 2705 loss=0.0425  val_f1=0.8457  val_acc=0.8889  lr=9.96e-05  stale=1/10
4300.8s 2706 psoriasis      P=1.000  R=0.333  F1=0.500
4300.8s 2707 atopy          P=0.811  R=0.938  F1=0.870
4300.8s 2708 acne           P=0.925  R=0.902  F1=0.914
4300.8s 2709 normal         P=1.000  R=1.000  F1=1.000
4300.8s 2710 rosacea        P=0.893  R=0.943  F1=0.917
4300.8s 2711 seborrheic     P=0.849  R=0.900  F1=0.874
4300.8s 2712 
4300.8s 2713 ────────────────────────────────────────────────────────────
4300.8s 2714 [epoch 003/50]  densenet_swin
4301.0s 2715 loss=0.0425  val_f1=0.8457  val_acc=0.8889  lr=9.96e-05  stale=1/10
4301.0s 2716 psoriasis      P=1.000  R=0.333  F1=0.500
4301.0s 2717 atopy          P=0.811  R=0.938  F1=0.870
4301.0s 2718 acne           P=0.925  R=0.902  F1=0.914
4301.0s 2719 normal         P=1.000  R=1.000  F1=1.000
4301.0s 2720 rosacea        P=0.893  R=0.943  F1=0.917
4301.0s 2721 seborrheic     P=0.849  R=0.900  F1=0.874
4301.0s 2722 
4301.0s 2723 ────────────────────────────────────────────────────────────
4301.0s 2724 [epoch 003/50]  densenet_swin
4304.3s 2725 batch 001/51  loss=0.0494  avg=0.0494
4304.5s 2726 batch 001/51  loss=0.0494  avg=0.0494
4316.2s 2727 batch 010/51  loss=0.0105  avg=0.0546
4316.4s 2728 batch 010/51  loss=0.0105  avg=0.0546
4330.1s 2729 batch 020/51  loss=0.0835  avg=0.0586
4330.3s 2730 batch 020/51  loss=0.0835  avg=0.0586
4343.9s 2731 batch 030/51  loss=0.0186  avg=0.0513
4344.1s 2732 batch 030/51  loss=0.0186  avg=0.0513
4357.3s 2733 batch 040/51  loss=0.0254  avg=0.0470
4357.5s 2734 batch 040/51  loss=0.0254  avg=0.0470
4370.3s 2735 batch 050/51  loss=0.0402  avg=0.0449
4370.5s 2736 batch 050/51  loss=0.0402  avg=0.0449
4371.6s 2737 batch 051/51  loss=0.0521  avg=0.0450
4371.8s 2738 batch 051/51  loss=0.0521  avg=0.0450
4377.5s 2739 loss=0.0450  val_f1=0.8490  val_acc=0.8704  lr=9.91e-05  stale=2/10
4377.5s 2740 psoriasis      P=1.000  R=0.467  F1=0.636
4377.5s 2741 atopy          P=0.714  R=0.938  F1=0.811
4377.5s 2742 acne           P=0.949  R=0.902  F1=0.925
4377.5s 2743 normal         P=1.000  R=1.000  F1=1.000
4377.5s 2744 rosacea        P=0.877  R=0.943  F1=0.909
4377.5s 2745 seborrheic     P=0.848  R=0.780  F1=0.812
4377.5s 2746 
4377.5s 2747 ────────────────────────────────────────────────────────────
4377.5s 2748 [epoch 004/50]  densenet_swin
4377.7s 2749 loss=0.0450  val_f1=0.8490  val_acc=0.8704  lr=9.91e-05  stale=2/10
4377.7s 2750 psoriasis      P=1.000  R=0.467  F1=0.636
4377.7s 2751 atopy          P=0.714  R=0.938  F1=0.811
4377.7s 2752 acne           P=0.949  R=0.902  F1=0.925
4377.7s 2753 normal         P=1.000  R=1.000  F1=1.000
4377.7s 2754 rosacea        P=0.877  R=0.943  F1=0.909
4377.7s 2755 seborrheic     P=0.848  R=0.780  F1=0.812
4377.7s 2756 
4377.7s 2757 ────────────────────────────────────────────────────────────
4377.7s 2758 [epoch 004/50]  densenet_swin
4380.9s 2759 batch 001/51  loss=0.0279  avg=0.0279
4381.1s 2760 batch 001/51  loss=0.0279  avg=0.0279
4392.5s 2761 batch 010/51  loss=0.0275  avg=0.0284
4392.7s 2762 batch 010/51  loss=0.0275  avg=0.0284
4405.7s 2763 batch 020/51  loss=0.0185  avg=0.0259
4405.9s 2764 batch 020/51  loss=0.0185  avg=0.0259
4419.1s 2765 batch 030/51  loss=0.0243  avg=0.0248
4419.3s 2766 batch 030/51  loss=0.0243  avg=0.0248
4431.9s 2767 batch 040/51  loss=0.0295  avg=0.0247
4432.1s 2768 batch 040/51  loss=0.0295  avg=0.0247
4444.9s 2769 batch 050/51  loss=0.0366  avg=0.0249
4445.2s 2770 batch 050/51  loss=0.0366  avg=0.0249
4446.2s 2771 batch 051/51  loss=0.0234  avg=0.0248
4446.4s 2772 batch 051/51  loss=0.0234  avg=0.0248
4452.3s 2773 loss=0.0248  val_f1=0.8659  val_acc=0.8889  lr=9.84e-05  stale=3/10
4452.3s 2774 psoriasis      P=0.692  R=0.600  F1=0.643
4452.3s 2775 atopy          P=0.844  R=0.844  F1=0.844
4452.3s 2776 acne           P=0.905  R=0.927  F1=0.916
4452.3s 2777 normal         P=1.000  R=1.000  F1=1.000
4452.3s 2778 rosacea        P=0.927  R=0.962  F1=0.944
4452.3s 2779 seborrheic     P=0.857  R=0.840  F1=0.849
4452.3s 2780 
4452.3s 2781 ────────────────────────────────────────────────────────────
4452.3s 2782 [epoch 005/50]  densenet_swin
4452.5s 2783 loss=0.0248  val_f1=0.8659  val_acc=0.8889  lr=9.84e-05  stale=3/10
4452.5s 2784 psoriasis      P=0.692  R=0.600  F1=0.643
4452.5s 2785 atopy          P=0.844  R=0.844  F1=0.844
4452.5s 2786 acne           P=0.905  R=0.927  F1=0.916
4452.5s 2787 normal         P=1.000  R=1.000  F1=1.000
4452.5s 2788 rosacea        P=0.927  R=0.962  F1=0.944
4452.5s 2789 seborrheic     P=0.857  R=0.840  F1=0.849
4452.5s 2790 
4452.5s 2791 ────────────────────────────────────────────────────────────
4452.5s 2792 [epoch 005/50]  densenet_swin
4455.7s 2793 batch 001/51  loss=0.0364  avg=0.0364
4455.9s 2794 batch 001/51  loss=0.0364  avg=0.0364
4467.0s 2795 batch 010/51  loss=0.0256  avg=0.0240
4467.2s 2796 batch 010/51  loss=0.0256  avg=0.0240
4480.4s 2797 batch 020/51  loss=0.0048  avg=0.0258
4480.7s 2798 batch 020/51  loss=0.0048  avg=0.0258
4493.2s 2799 batch 030/51  loss=0.0180  avg=0.0265
4493.4s 2800 batch 030/51  loss=0.0180  avg=0.0265
4506.3s 2801 batch 040/51  loss=0.0605  avg=0.0268
4506.5s 2802 batch 040/51  loss=0.0605  avg=0.0268
4519.1s 2803 batch 050/51  loss=0.0287  avg=0.0251
4519.4s 2804 batch 050/51  loss=0.0287  avg=0.0251
4520.4s 2805 batch 051/51  loss=0.0142  avg=0.0249
4520.6s 2806 batch 051/51  loss=0.0142  avg=0.0249
4526.4s 2807 loss=0.0249  val_f1=0.8507  val_acc=0.8796  lr=9.76e-05  stale=4/10
4526.4s 2808 psoriasis      P=0.778  R=0.467  F1=0.583
4526.4s 2809 atopy          P=0.800  R=0.875  F1=0.836
4526.4s 2810 acne           P=0.949  R=0.902  F1=0.925
4526.4s 2811 normal         P=1.000  R=1.000  F1=1.000
4526.4s 2812 rosacea        P=0.850  R=0.962  F1=0.903
4526.4s 2813 seborrheic     P=0.875  R=0.840  F1=0.857
4526.4s 2814 
4526.4s 2815 ────────────────────────────────────────────────────────────
4526.4s 2816 [epoch 006/50]  densenet_swin
4526.6s 2817 loss=0.0249  val_f1=0.8507  val_acc=0.8796  lr=9.76e-05  stale=4/10
4526.6s 2818 psoriasis      P=0.778  R=0.467  F1=0.583
4526.6s 2819 atopy          P=0.800  R=0.875  F1=0.836
4526.6s 2820 acne           P=0.949  R=0.902  F1=0.925
4526.6s 2821 normal         P=1.000  R=1.000  F1=1.000
4526.6s 2822 rosacea        P=0.850  R=0.962  F1=0.903
4526.6s 2823 seborrheic     P=0.875  R=0.840  F1=0.857
4526.6s 2824 
4526.6s 2825 ────────────────────────────────────────────────────────────
4526.6s 2826 [epoch 006/50]  densenet_swin
4529.8s 2827 batch 001/51  loss=0.0168  avg=0.0168
4530.0s 2828 batch 001/51  loss=0.0168  avg=0.0168
4541.4s 2829 batch 010/51  loss=0.0144  avg=0.0171
4541.6s 2830 batch 010/51  loss=0.0144  avg=0.0171
4554.4s 2831 batch 020/51  loss=0.0089  avg=0.0170
4554.6s 2832 batch 020/51  loss=0.0089  avg=0.0170
4567.6s 2833 batch 030/51  loss=0.0818  avg=0.0190
4567.8s 2834 batch 030/51  loss=0.0818  avg=0.0190
4580.8s 2835 batch 040/51  loss=0.1062  avg=0.0263
4581.0s 2836 batch 040/51  loss=0.1062  avg=0.0263
4594.0s 2837 batch 050/51  loss=0.0397  avg=0.0317
4594.2s 2838 batch 050/51  loss=0.0397  avg=0.0317
4595.5s 2839 batch 051/51  loss=0.0287  avg=0.0317
4595.7s 2840 batch 051/51  loss=0.0287  avg=0.0317
4601.8s 2841 loss=0.0317  val_f1=0.7901  val_acc=0.8241  lr=9.65e-05  stale=5/10
4601.8s 2842 psoriasis      P=0.571  R=0.533  F1=0.552
4601.8s 2843 atopy          P=0.938  R=0.469  F1=0.625
4601.8s 2844 acne           P=0.755  R=0.976  F1=0.851
4601.8s 2845 normal         P=1.000  R=1.000  F1=1.000
4601.8s 2846 rosacea        P=0.978  R=0.849  F1=0.909
4601.8s 2847 seborrheic     P=0.726  R=0.900  F1=0.804
4601.8s 2848 
4601.8s 2849 ────────────────────────────────────────────────────────────
4601.8s 2850 [epoch 007/50]  densenet_swin
4602.0s 2851 loss=0.0317  val_f1=0.7901  val_acc=0.8241  lr=9.65e-05  stale=5/10
4602.0s 2852 psoriasis      P=0.571  R=0.533  F1=0.552
4602.0s 2853 atopy          P=0.938  R=0.469  F1=0.625
4602.0s 2854 acne           P=0.755  R=0.976  F1=0.851
4602.0s 2855 normal         P=1.000  R=1.000  F1=1.000
4602.0s 2856 rosacea        P=0.978  R=0.849  F1=0.909
4602.0s 2857 seborrheic     P=0.726  R=0.900  F1=0.804
4602.0s 2858 
4602.0s 2859 ────────────────────────────────────────────────────────────
4602.0s 2860 [epoch 007/50]  densenet_swin
4605.5s 2861 batch 001/51  loss=0.0397  avg=0.0397
4605.7s 2862 batch 001/51  loss=0.0397  avg=0.0397
4616.6s 2863 batch 010/51  loss=0.0228  avg=0.0499
4616.8s 2864 batch 010/51  loss=0.0228  avg=0.0499
4629.8s 2865 batch 020/51  loss=0.0418  avg=0.0459
4630.1s 2866 batch 020/51  loss=0.0418  avg=0.0459
4643.0s 2867 batch 030/51  loss=0.0210  avg=0.0390
4643.2s 2868 batch 030/51  loss=0.0210  avg=0.0390
4655.9s 2869 batch 040/51  loss=0.0420  avg=0.0365
4656.1s 2870 batch 040/51  loss=0.0420  avg=0.0365
4668.8s 2871 batch 050/51  loss=0.0418  avg=0.0356
4669.0s 2872 batch 050/51  loss=0.0418  avg=0.0356
4669.9s 2873 batch 051/51  loss=0.0574  avg=0.0360
4670.1s 2874 batch 051/51  loss=0.0574  avg=0.0360
4676.1s 2875 loss=0.0360  val_f1=0.8431  val_acc=0.8750  lr=9.53e-05  stale=6/10
4676.1s 2876 psoriasis      P=1.000  R=0.400  F1=0.571
4676.1s 2877 atopy          P=0.962  R=0.781  F1=0.862
4676.1s 2878 acne           P=0.881  R=0.902  F1=0.892
4676.1s 2879 normal         P=0.962  R=1.000  F1=0.980
4676.1s 2880 rosacea        P=0.895  R=0.962  F1=0.927
4676.1s 2881 seborrheic     P=0.763  R=0.900  F1=0.826
4676.1s 2882 
4676.1s 2883 ────────────────────────────────────────────────────────────
4676.1s 2884 [epoch 008/50]  densenet_swin
4676.3s 2885 loss=0.0360  val_f1=0.8431  val_acc=0.8750  lr=9.53e-05  stale=6/10
4676.3s 2886 psoriasis      P=1.000  R=0.400  F1=0.571
4676.3s 2887 atopy          P=0.962  R=0.781  F1=0.862
4676.3s 2888 acne           P=0.881  R=0.902  F1=0.892
4676.3s 2889 normal         P=0.962  R=1.000  F1=0.980
4676.3s 2890 rosacea        P=0.895  R=0.962  F1=0.927
4676.3s 2891 seborrheic     P=0.763  R=0.900  F1=0.826
4676.3s 2892 
4676.3s 2893 ────────────────────────────────────────────────────────────
4676.3s 2894 [epoch 008/50]  densenet_swin
4679.6s 2895 batch 001/51  loss=0.0281  avg=0.0281
4679.8s 2896 batch 001/51  loss=0.0281  avg=0.0281
4691.3s 2897 batch 010/51  loss=0.0435  avg=0.0401
4691.5s 2898 batch 010/51  loss=0.0435  avg=0.0401
4704.6s 2899 batch 020/51  loss=0.0491  avg=0.0314
4704.9s 2900 batch 020/51  loss=0.0491  avg=0.0314
4717.1s 2901 batch 030/51  loss=0.0093  avg=0.0285
4717.3s 2902 batch 030/51  loss=0.0093  avg=0.0285
4730.1s 2903 batch 040/51  loss=0.0386  avg=0.0282
4730.3s 2904 batch 040/51  loss=0.0386  avg=0.0282
4742.7s 2905 batch 050/51  loss=0.0152  avg=0.0259
4743.0s 2906 batch 050/51  loss=0.0152  avg=0.0259
4743.8s 2907 batch 051/51  loss=0.0292  avg=0.0260
4744.0s 2908 batch 051/51  loss=0.0292  avg=0.0260
4749.9s 2909 loss=0.0260  val_f1=0.8284  val_acc=0.8519  lr=9.39e-05  stale=7/10
4749.9s 2910 psoriasis      P=0.778  R=0.467  F1=0.583
4749.9s 2911 atopy          P=0.897  R=0.812  F1=0.853
4749.9s 2912 acne           P=0.796  R=0.951  F1=0.867
4749.9s 2913 normal         P=1.000  R=1.000  F1=1.000
4749.9s 2914 rosacea        P=0.800  R=0.981  F1=0.881
4749.9s 2915 seborrheic     P=0.897  R=0.700  F1=0.786
4749.9s 2916 
4749.9s 2917 ────────────────────────────────────────────────────────────
4749.9s 2918 [epoch 009/50]  densenet_swin
4750.1s 2919 loss=0.0260  val_f1=0.8284  val_acc=0.8519  lr=9.39e-05  stale=7/10
4750.1s 2920 psoriasis      P=0.778  R=0.467  F1=0.583
4750.1s 2921 atopy          P=0.897  R=0.812  F1=0.853
4750.1s 2922 acne           P=0.796  R=0.951  F1=0.867
4750.1s 2923 normal         P=1.000  R=1.000  F1=1.000
4750.1s 2924 rosacea        P=0.800  R=0.981  F1=0.881
4750.1s 2925 seborrheic     P=0.897  R=0.700  F1=0.786
4750.1s 2926 
4750.1s 2927 ────────────────────────────────────────────────────────────
4750.1s 2928 [epoch 009/50]  densenet_swin
4753.3s 2929 batch 001/51  loss=0.0017  avg=0.0017
4753.5s 2930 batch 001/51  loss=0.0017  avg=0.0017
4765.0s 2931 batch 010/51  loss=0.0091  avg=0.0157
4765.2s 2932 batch 010/51  loss=0.0091  avg=0.0157
4777.8s 2933 batch 020/51  loss=0.0323  avg=0.0223
4778.1s 2934 batch 020/51  loss=0.0323  avg=0.0223
4790.5s 2935 batch 030/51  loss=0.0247  avg=0.0209
4790.7s 2936 batch 030/51  loss=0.0247  avg=0.0209
4803.8s 2937 batch 040/51  loss=0.0047  avg=0.0203
4804.0s 2938 batch 040/51  loss=0.0047  avg=0.0203
4816.6s 2939 batch 050/51  loss=0.0050  avg=0.0197
4816.8s 2940 batch 050/51  loss=0.0050  avg=0.0197
4817.9s 2941 batch 051/51  loss=0.0267  avg=0.0198
4818.1s 2942 batch 051/51  loss=0.0267  avg=0.0198
4824.1s 2943 loss=0.0198  val_f1=0.8441  val_acc=0.8657  lr=9.23e-05  stale=8/10
4824.1s 2944 psoriasis      P=0.562  R=0.600  F1=0.581
4824.1s 2945 atopy          P=0.962  R=0.781  F1=0.862
4824.1s 2946 acne           P=0.925  R=0.902  F1=0.914
4824.1s 2947 normal         P=1.000  R=1.000  F1=1.000
4824.1s 2948 rosacea        P=0.839  R=0.981  F1=0.904
4824.1s 2949 seborrheic     P=0.830  R=0.780  F1=0.804
4824.1s 2950 
4824.1s 2951 ────────────────────────────────────────────────────────────
4824.1s 2952 [epoch 010/50]  densenet_swin
4824.3s 2953 loss=0.0198  val_f1=0.8441  val_acc=0.8657  lr=9.23e-05  stale=8/10
4824.3s 2954 psoriasis      P=0.562  R=0.600  F1=0.581
4824.3s 2955 atopy          P=0.962  R=0.781  F1=0.862
4824.3s 2956 acne           P=0.925  R=0.902  F1=0.914
4824.3s 2957 normal         P=1.000  R=1.000  F1=1.000
4824.3s 2958 rosacea        P=0.839  R=0.981  F1=0.904
4824.3s 2959 seborrheic     P=0.830  R=0.780  F1=0.804
4824.3s 2960 
4824.3s 2961 ────────────────────────────────────────────────────────────
4824.3s 2962 [epoch 010/50]  densenet_swin
4827.5s 2963 batch 001/51  loss=0.0075  avg=0.0075
4827.7s 2964 batch 001/51  loss=0.0075  avg=0.0075
4838.9s 2965 batch 010/51  loss=0.0152  avg=0.0162
4839.1s 2966 batch 010/51  loss=0.0152  avg=0.0162
4851.9s 2967 batch 020/51  loss=0.0095  avg=0.0113
4852.1s 2968 batch 020/51  loss=0.0095  avg=0.0113
4865.0s 2969 batch 030/51  loss=0.0207  avg=0.0115
4865.2s 2970 batch 030/51  loss=0.0207  avg=0.0115
4878.5s 2971 batch 040/51  loss=0.0020  avg=0.0104
4878.7s 2972 batch 040/51  loss=0.0020  avg=0.0104
4891.8s 2973 batch 050/51  loss=0.0005  avg=0.0113
4892.1s 2974 batch 050/51  loss=0.0005  avg=0.0113
4892.8s 2975 batch 051/51  loss=0.0036  avg=0.0111
4893.0s 2976 batch 051/51  loss=0.0036  avg=0.0111
4898.8s 2977 loss=0.0111  val_f1=0.8421  val_acc=0.8657  lr=9.05e-05  stale=9/10
4898.8s 2978 psoriasis      P=0.667  R=0.533  F1=0.593
4898.8s 2979 atopy          P=0.871  R=0.844  F1=0.857
4898.8s 2980 acne           P=0.848  R=0.951  F1=0.897
4898.8s 2981 normal         P=1.000  R=1.000  F1=1.000
4898.8s 2982 rosacea        P=0.864  R=0.962  F1=0.911
4898.8s 2983 seborrheic     P=0.861  R=0.740  F1=0.796
4898.8s 2984 
4898.8s 2985 ────────────────────────────────────────────────────────────
4898.8s 2986 [epoch 011/50]  densenet_swin
4899.0s 2987 loss=0.0111  val_f1=0.8421  val_acc=0.8657  lr=9.05e-05  stale=9/10
4899.0s 2988 psoriasis      P=0.667  R=0.533  F1=0.593
4899.0s 2989 atopy          P=0.871  R=0.844  F1=0.857
4899.0s 2990 acne           P=0.848  R=0.951  F1=0.897
4899.0s 2991 normal         P=1.000  R=1.000  F1=1.000
4899.0s 2992 rosacea        P=0.864  R=0.962  F1=0.911
4899.0s 2993 seborrheic     P=0.861  R=0.740  F1=0.796
4899.0s 2994 
4899.0s 2995 ────────────────────────────────────────────────────────────
4899.0s 2996 [epoch 011/50]  densenet_swin
4902.3s 2997 batch 001/51  loss=0.0359  avg=0.0359
4902.5s 2998 batch 001/51  loss=0.0359  avg=0.0359
4913.9s 2999 batch 010/51  loss=0.0007  avg=0.0077
4914.1s 3000 batch 010/51  loss=0.0007  avg=0.0077
4926.9s 3001 batch 020/51  loss=0.0115  avg=0.0088
4927.1s 3002 batch 020/51  loss=0.0115  avg=0.0088
4940.2s 3003 batch 030/51  loss=0.0155  avg=0.0090
4940.4s 3004 batch 030/51  loss=0.0155  avg=0.0090
4953.6s 3005 batch 040/51  loss=0.0009  avg=0.0085
4953.8s 3006 batch 040/51  loss=0.0009  avg=0.0085
4967.0s 3007 batch 050/51  loss=0.0015  avg=0.0081
4967.2s 3008 batch 050/51  loss=0.0015  avg=0.0081
4968.3s 3009 batch 051/51  loss=0.0047  avg=0.0080
4968.5s 3010 batch 051/51  loss=0.0047  avg=0.0080
4974.4s 3011 loss=0.0080  val_f1=0.8604  val_acc=0.8796  lr=8.86e-05  stale=10/10
4974.4s 3012 psoriasis      P=0.800  R=0.533  F1=0.640
4974.4s 3013 atopy          P=0.931  R=0.844  F1=0.885
4974.4s 3014 acne           P=0.884  R=0.927  F1=0.905
4974.4s 3015 normal         P=1.000  R=1.000  F1=1.000
4974.4s 3016 rosacea        P=0.877  R=0.943  F1=0.909
4974.4s 3017 seborrheic     P=0.808  R=0.840  F1=0.824
4974.4s 3018 
4974.4s 3019 [early stop] epoch=11  best_epoch=1  best_f1=0.8665  stale=10
4974.4s 3020 
4974.4s 3021 [test]
4974.6s 3022 loss=0.0080  val_f1=0.8604  val_acc=0.8796  lr=8.86e-05  stale=10/10
4974.6s 3023 psoriasis      P=0.800  R=0.533  F1=0.640
4974.6s 3024 atopy          P=0.931  R=0.844  F1=0.885
4974.6s 3025 acne           P=0.884  R=0.927  F1=0.905
4974.6s 3026 normal         P=1.000  R=1.000  F1=1.000
4974.6s 3027 rosacea        P=0.877  R=0.943  F1=0.909
4974.6s 3028 seborrheic     P=0.808  R=0.840  F1=0.824
4974.6s 3029 
4974.6s 3030 [early stop] epoch=11  best_epoch=1  best_f1=0.8665  stale=10
4974.6s 3031 
4974.6s 3032 [test]
4981.3s 3033 acc=0.8756  f1=0.8758  recall=0.8749  conf=0.8616
4981.3s 3034 psoriasis      P=0.700  R=0.824  F1=0.757
4981.3s 3035 atopy          P=1.000  R=0.793  F1=0.885
4981.3s 3036 acne           P=0.936  R=0.898  F1=0.917
4981.3s 3037 normal         P=1.000  R=1.000  F1=1.000
4981.3s 3038 rosacea        P=0.955  R=0.792  F1=0.866
4981.3s 3039 seborrheic     P=0.742  R=0.942  F1=0.831
4981.3s 3040 [summary] /kaggle/working/outputs_20260504_064512/checkpoints/densenet_swin/summary.json
4981.5s 3041 acc=0.8756  f1=0.8758  recall=0.8749  conf=0.8616
4981.5s 3042 psoriasis      P=0.700  R=0.824  F1=0.757
4981.5s 3043 atopy          P=1.000  R=0.793  F1=0.885
4981.5s 3044 acne           P=0.936  R=0.898  F1=0.917
4981.5s 3045 normal         P=1.000  R=1.000  F1=1.000
4981.5s 3046 rosacea        P=0.955  R=0.792  F1=0.866
4981.5s 3047 seborrheic     P=0.742  R=0.942  F1=0.831
4981.5s 3048 [summary] /kaggle/working/outputs_20260504_064512/checkpoints/densenet_swin/summary.json
4982.9s 3049 [done] densenet_swin  exit_code=0  end=2026-05-04 08:07:57
4982.9s 3050 
4982.9s 3051 ============================================================
4982.9s 3052 [model] efficientnet_swin  start=2026-05-04 08:07:57
4982.9s 3053 ============================================================
4983.1s 3054 [done] densenet_swin  exit_code=0  end=2026-05-04 08:07:57
4983.1s 3055 
4983.1s 3056 ============================================================
4983.1s 3057 [model] efficientnet_swin  start=2026-05-04 08:07:57
4983.1s 3058 ============================================================
4986.8s 3059 [init] model=efficientnet_swin  device=cuda  gpus=2
4986.8s 3060 epochs=50  min_epochs=10  patience=10  min_delta=0.001
4987.0s 3061 [init] model=efficientnet_swin  device=cuda  gpus=2
4987.0s 3062 epochs=50  min_epochs=10  patience=10  min_delta=0.001
4987.4s 3063 loaded /kaggle/working/outputs_20260504_064512/weights_pool/efficientnet_best.pth
4987.6s 3064 loaded /kaggle/working/outputs_20260504_064512/weights_pool/efficientnet_best.pth
4988.1s 3065 loaded /kaggle/working/outputs_20260504_064512/weights_pool/swin_best.pth
4988.3s 3066 loaded /kaggle/working/outputs_20260504_064512/weights_pool/swin_best.pth
4988.4s 3067 [init] DataParallel: 2 GPUs
4988.6s 3068 [init] DataParallel: 2 GPUs
4988.9s 3069 
4988.9s 3070 ────────────────────────────────────────────────────────────
4988.9s 3071 [epoch 001/50]  efficientnet_swin
4989.1s 3072 
4989.1s 3073 ────────────────────────────────────────────────────────────
4989.1s 3074 [epoch 001/50]  efficientnet_swin
4993.5s 3075 batch 001/102  loss=0.1024  avg=0.1024
4993.7s 3076 batch 001/102  loss=0.1024  avg=0.1024
5000.6s 3077 batch 010/102  loss=0.0324  avg=0.1269
5000.8s 3078 batch 010/102  loss=0.0324  avg=0.1269
5008.7s 3079 batch 020/102  loss=0.1271  avg=0.1107
5008.9s 3080 batch 020/102  loss=0.1271  avg=0.1107
5017.0s 3081 batch 030/102  loss=0.0293  avg=0.0937
5017.2s 3082 batch 030/102  loss=0.0293  avg=0.0937
5025.5s 3083 batch 040/102  loss=0.0488  avg=0.0826
5025.7s 3084 batch 040/102  loss=0.0488  avg=0.0826
5034.0s 3085 batch 050/102  loss=0.0925  avg=0.0776
5034.2s 3086 batch 050/102  loss=0.0925  avg=0.0776
5041.9s 3087 batch 060/102  loss=0.0918  avg=0.0743
5042.1s 3088 batch 060/102  loss=0.0918  avg=0.0743
5049.9s 3089 batch 070/102  loss=0.0497  avg=0.0693
5050.1s 3090 batch 070/102  loss=0.0497  avg=0.0693
5057.8s 3091 batch 080/102  loss=0.1005  avg=0.0708
5058.1s 3092 batch 080/102  loss=0.1005  avg=0.0708
5065.6s 3093 batch 090/102  loss=0.1982  avg=0.0810
5065.8s 3094 batch 090/102  loss=0.1982  avg=0.0810
5073.5s 3095 batch 100/102  loss=0.1295  avg=0.0833
5073.7s 3096 batch 100/102  loss=0.1295  avg=0.0833
5075.0s 3097 batch 102/102  loss=0.0541  avg=0.0836
5075.2s 3098 batch 102/102  loss=0.0541  avg=0.0836
5081.7s 3099 loss=0.0836  val_f1=0.8795  val_acc=0.8935  lr=9.99e-05  stale=0/10  *** BEST ***
5081.7s 3100 psoriasis      P=0.688  R=0.733  F1=0.710
5081.7s 3101 atopy          P=0.853  R=0.906  F1=0.879
5081.7s 3102 acne           P=1.000  R=0.805  F1=0.892
5081.7s 3103 normal         P=1.000  R=1.000  F1=1.000
5081.7s 3104 rosacea        P=0.897  R=0.981  F1=0.937
5081.7s 3105 seborrheic     P=0.860  R=0.860  F1=0.860
5081.7s 3106 
5081.7s 3107 ────────────────────────────────────────────────────────────
5081.7s 3108 [epoch 002/50]  efficientnet_swin
5081.9s 3109 loss=0.0836  val_f1=0.8795  val_acc=0.8935  lr=9.99e-05  stale=0/10  *** BEST ***
5081.9s 3110 psoriasis      P=0.688  R=0.733  F1=0.710
5081.9s 3111 atopy          P=0.853  R=0.906  F1=0.879
5081.9s 3112 acne           P=1.000  R=0.805  F1=0.892
5081.9s 3113 normal         P=1.000  R=1.000  F1=1.000
5081.9s 3114 rosacea        P=0.897  R=0.981  F1=0.937
5081.9s 3115 seborrheic     P=0.860  R=0.860  F1=0.860
5081.9s 3116 
5081.9s 3117 ────────────────────────────────────────────────────────────
5081.9s 3118 [epoch 002/50]  efficientnet_swin
5083.7s 3119 batch 001/102  loss=0.0643  avg=0.0643
5084.0s 3120 batch 001/102  loss=0.0643  avg=0.0643
5090.8s 3121 batch 010/102  loss=0.1476  avg=0.0840
5091.0s 3122 batch 010/102  loss=0.1476  avg=0.0840
5098.9s 3123 batch 020/102  loss=0.0542  avg=0.0683
5099.2s 3124 batch 020/102  loss=0.0542  avg=0.0683
5106.9s 3125 batch 030/102  loss=0.0370  avg=0.0755
5107.1s 3126 batch 030/102  loss=0.0370  avg=0.0755
5115.2s 3127 batch 040/102  loss=0.0698  avg=0.0853
5115.4s 3128 batch 040/102  loss=0.0698  avg=0.0853
5123.4s 3129 batch 050/102  loss=0.0608  avg=0.0822
5123.6s 3130 batch 050/102  loss=0.0608  avg=0.0822
5131.4s 3131 batch 060/102  loss=0.0570  avg=0.0837
5131.7s 3132 batch 060/102  loss=0.0570  avg=0.0837
5139.5s 3133 batch 070/102  loss=0.0211  avg=0.0844
5139.7s 3134 batch 070/102  loss=0.0211  avg=0.0844
5147.4s 3135 batch 080/102  loss=0.1750  avg=0.0889
5147.6s 3136 batch 080/102  loss=0.1750  avg=0.0889
5155.3s 3137 batch 090/102  loss=0.1045  avg=0.0896
5155.5s 3138 batch 090/102  loss=0.1045  avg=0.0896
5163.2s 3139 batch 100/102  loss=0.0679  avg=0.0916
5163.5s 3140 batch 100/102  loss=0.0679  avg=0.0916
5164.8s 3141 batch 102/102  loss=0.0915  avg=0.0919
5165.0s 3142 batch 102/102  loss=0.0915  avg=0.0919
5171.3s 3143 loss=0.0919  val_f1=0.8457  val_acc=0.8704  lr=9.96e-05  stale=1/10
5171.3s 3144 psoriasis      P=0.500  R=0.600  F1=0.545
5171.3s 3145 atopy          P=0.929  R=0.812  F1=0.867
5171.3s 3146 acne           P=0.971  R=0.829  F1=0.895
5171.3s 3147 normal         P=1.000  R=1.000  F1=1.000
5171.3s 3148 rosacea        P=0.941  R=0.906  F1=0.923
5171.3s 3149 seborrheic     P=0.780  R=0.920  F1=0.844
5171.3s 3150 
5171.3s 3151 ────────────────────────────────────────────────────────────
5171.3s 3152 [epoch 003/50]  efficientnet_swin
5171.5s 3153 loss=0.0919  val_f1=0.8457  val_acc=0.8704  lr=9.96e-05  stale=1/10
5171.5s 3154 psoriasis      P=0.500  R=0.600  F1=0.545
5171.5s 3155 atopy          P=0.929  R=0.812  F1=0.867
5171.5s 3156 acne           P=0.971  R=0.829  F1=0.895
5171.5s 3157 normal         P=1.000  R=1.000  F1=1.000
5171.5s 3158 rosacea        P=0.941  R=0.906  F1=0.923
5171.5s 3159 seborrheic     P=0.780  R=0.920  F1=0.844
5171.5s 3160 
5171.5s 3161 ────────────────────────────────────────────────────────────
5171.5s 3162 [epoch 003/50]  efficientnet_swin
5173.3s 3163 batch 001/102  loss=0.0217  avg=0.0217
5173.5s 3164 batch 001/102  loss=0.0217  avg=0.0217
5180.4s 3165 batch 010/102  loss=0.0815  avg=0.0415
5180.6s 3166 batch 010/102  loss=0.0815  avg=0.0415
5188.5s 3167 batch 020/102  loss=0.0325  avg=0.0478
5188.7s 3168 batch 020/102  loss=0.0325  avg=0.0478
5196.5s 3169 batch 030/102  loss=0.0096  avg=0.0485
5196.7s 3170 batch 030/102  loss=0.0096  avg=0.0485
5204.8s 3171 batch 040/102  loss=0.0452  avg=0.0594
5205.0s 3172 batch 040/102  loss=0.0452  avg=0.0594
5213.0s 3173 batch 050/102  loss=0.0418  avg=0.0568
5213.2s 3174 batch 050/102  loss=0.0418  avg=0.0568
5220.9s 3175 batch 060/102  loss=0.0504  avg=0.0561
5221.1s 3176 batch 060/102  loss=0.0504  avg=0.0561
5229.0s 3177 batch 070/102  loss=0.0588  avg=0.0544
5229.3s 3178 batch 070/102  loss=0.0588  avg=0.0544
5236.9s 3179 batch 080/102  loss=0.0583  avg=0.0522
5237.1s 3180 batch 080/102  loss=0.0583  avg=0.0522
5244.8s 3181 batch 090/102  loss=0.0334  avg=0.0517
5245.0s 3182 batch 090/102  loss=0.0334  avg=0.0517
5252.6s 3183 batch 100/102  loss=0.0137  avg=0.0511
5252.8s 3184 batch 100/102  loss=0.0137  avg=0.0511
5254.1s 3185 batch 102/102  loss=0.0399  avg=0.0510
5254.3s 3186 batch 102/102  loss=0.0399  avg=0.0510
5260.6s 3187 loss=0.0510  val_f1=0.8368  val_acc=0.8611  lr=9.91e-05  stale=2/10
5260.6s 3188 psoriasis      P=1.000  R=0.400  F1=0.571
5260.6s 3189 atopy          P=0.806  R=0.906  F1=0.853
5260.6s 3190 acne           P=0.972  R=0.854  F1=0.909
5260.6s 3191 normal         P=1.000  R=1.000  F1=1.000
5260.6s 3192 rosacea        P=0.915  R=0.811  F1=0.860
5260.6s 3193 seborrheic     P=0.727  R=0.960  F1=0.828
5260.6s 3194 
5260.6s 3195 ────────────────────────────────────────────────────────────
5260.6s 3196 [epoch 004/50]  efficientnet_swin
5260.9s 3197 loss=0.0510  val_f1=0.8368  val_acc=0.8611  lr=9.91e-05  stale=2/10
5260.9s 3198 psoriasis      P=1.000  R=0.400  F1=0.571
5260.9s 3199 atopy          P=0.806  R=0.906  F1=0.853
5260.9s 3200 acne           P=0.972  R=0.854  F1=0.909
5260.9s 3201 normal         P=1.000  R=1.000  F1=1.000
5260.9s 3202 rosacea        P=0.915  R=0.811  F1=0.860
5260.9s 3203 seborrheic     P=0.727  R=0.960  F1=0.828
5260.9s 3204 
5260.9s 3205 ────────────────────────────────────────────────────────────
5260.9s 3206 [epoch 004/50]  efficientnet_swin
5262.7s 3207 batch 001/102  loss=0.0020  avg=0.0020
5262.9s 3208 batch 001/102  loss=0.0020  avg=0.0020
5269.6s 3209 batch 010/102  loss=0.0364  avg=0.0360
5269.8s 3210 batch 010/102  loss=0.0364  avg=0.0360
5277.9s 3211 batch 020/102  loss=0.0091  avg=0.0332
5278.1s 3212 batch 020/102  loss=0.0091  avg=0.0332
5285.9s 3213 batch 030/102  loss=0.0391  avg=0.0290
5286.1s 3214 batch 030/102  loss=0.0391  avg=0.0290
5294.2s 3215 batch 040/102  loss=0.1272  avg=0.0288
5294.4s 3216 batch 040/102  loss=0.1272  avg=0.0288
5302.4s 3217 batch 050/102  loss=0.0290  avg=0.0329
5302.6s 3218 batch 050/102  loss=0.0290  avg=0.0329
5310.3s 3219 batch 060/102  loss=0.0082  avg=0.0334
5310.5s 3220 batch 060/102  loss=0.0082  avg=0.0334
5318.4s 3221 batch 070/102  loss=0.0083  avg=0.0324
5318.6s 3222 batch 070/102  loss=0.0083  avg=0.0324
5326.3s 3223 batch 080/102  loss=0.0344  avg=0.0357
5326.6s 3224 batch 080/102  loss=0.0344  avg=0.0357
5334.3s 3225 batch 090/102  loss=0.1900  avg=0.0417
5334.5s 3226 batch 090/102  loss=0.1900  avg=0.0417
5342.2s 3227 batch 100/102  loss=0.2360  avg=0.0533
5342.4s 3228 batch 100/102  loss=0.2360  avg=0.0533
5343.7s 3229 batch 102/102  loss=0.1843  avg=0.0563
5344.0s 3230 batch 102/102  loss=0.1843  avg=0.0563
5350.2s 3231 loss=0.0563  val_f1=0.7836  val_acc=0.8241  lr=9.84e-05  stale=3/10
5350.2s 3232 psoriasis      P=0.500  R=0.533  F1=0.516
5350.2s 3233 atopy          P=0.833  R=0.469  F1=0.600
5350.2s 3234 acne           P=0.769  R=0.976  F1=0.860
5350.2s 3235 normal         P=1.000  R=1.000  F1=1.000
5350.2s 3236 rosacea        P=0.893  R=0.943  F1=0.917
5350.2s 3237 seborrheic     P=0.816  R=0.800  F1=0.808
5350.2s 3238 
5350.2s 3239 ────────────────────────────────────────────────────────────
5350.2s 3240 [epoch 005/50]  efficientnet_swin
5350.4s 3241 loss=0.0563  val_f1=0.7836  val_acc=0.8241  lr=9.84e-05  stale=3/10
5350.4s 3242 psoriasis      P=0.500  R=0.533  F1=0.516
5350.4s 3243 atopy          P=0.833  R=0.469  F1=0.600
5350.4s 3244 acne           P=0.769  R=0.976  F1=0.860
5350.4s 3245 normal         P=1.000  R=1.000  F1=1.000
5350.4s 3246 rosacea        P=0.893  R=0.943  F1=0.917
5350.4s 3247 seborrheic     P=0.816  R=0.800  F1=0.808
5350.4s 3248 
5350.4s 3249 ────────────────────────────────────────────────────────────
5350.4s 3250 [epoch 005/50]  efficientnet_swin
5352.3s 3251 batch 001/102  loss=0.1308  avg=0.1308
5352.5s 3252 batch 001/102  loss=0.1308  avg=0.1308
5359.4s 3253 batch 010/102  loss=0.2143  avg=0.2336
5359.6s 3254 batch 010/102  loss=0.2143  avg=0.2336
5367.5s 3255 batch 020/102  loss=0.1587  avg=0.2063
5367.7s 3256 batch 020/102  loss=0.1587  avg=0.2063
5375.7s 3257 batch 030/102  loss=0.0945  avg=0.1743
5375.9s 3258 batch 030/102  loss=0.0945  avg=0.1743
5383.8s 3259 batch 040/102  loss=0.1385  avg=0.1484
5384.0s 3260 batch 040/102  loss=0.1385  avg=0.1484
5391.8s 3261 batch 050/102  loss=0.0019  avg=0.1289
5392.0s 3262 batch 050/102  loss=0.0019  avg=0.1289
5399.7s 3263 batch 060/102  loss=0.0066  avg=0.1127
5399.9s 3264 batch 060/102  loss=0.0066  avg=0.1127
5407.8s 3265 batch 070/102  loss=0.0321  avg=0.1023
5408.0s 3266 batch 070/102  loss=0.0321  avg=0.1023
5415.9s 3267 batch 080/102  loss=0.0455  avg=0.0940
5416.1s 3268 batch 080/102  loss=0.0455  avg=0.0940
5423.9s 3269 batch 090/102  loss=0.0732  avg=0.0878
5424.2s 3270 batch 090/102  loss=0.0732  avg=0.0878
5431.9s 3271 batch 100/102  loss=0.0214  avg=0.0865
5432.1s 3272 batch 100/102  loss=0.0214  avg=0.0865
5433.4s 3273 batch 102/102  loss=0.0084  avg=0.0863
5433.6s 3274 batch 102/102  loss=0.0084  avg=0.0863
5440.4s 3275 loss=0.0863  val_f1=0.9094  val_acc=0.9259  lr=9.76e-05  stale=0/10  *** BEST ***
5440.4s 3276 psoriasis      P=0.909  R=0.667  F1=0.769
5440.4s 3277 atopy          P=0.931  R=0.844  F1=0.885
5440.4s 3278 acne           P=0.925  R=0.902  F1=0.914
5440.4s 3279 normal         P=1.000  R=1.000  F1=1.000
5440.4s 3280 rosacea        P=0.962  R=0.962  F1=0.962
5440.4s 3281 seborrheic     P=0.862  R=1.000  F1=0.926
5440.4s 3282 
5440.4s 3283 ────────────────────────────────────────────────────────────
5440.4s 3284 [epoch 006/50]  efficientnet_swin
5440.6s 3285 loss=0.0863  val_f1=0.9094  val_acc=0.9259  lr=9.76e-05  stale=0/10  *** BEST ***
5440.6s 3286 psoriasis      P=0.909  R=0.667  F1=0.769
5440.6s 3287 atopy          P=0.931  R=0.844  F1=0.885
5440.6s 3288 acne           P=0.925  R=0.902  F1=0.914
5440.6s 3289 normal         P=1.000  R=1.000  F1=1.000
5440.6s 3290 rosacea        P=0.962  R=0.962  F1=0.962
5440.6s 3291 seborrheic     P=0.862  R=1.000  F1=0.926
5440.6s 3292 
5440.6s 3293 ────────────────────────────────────────────────────────────
5440.6s 3294 [epoch 006/50]  efficientnet_swin
5442.5s 3295 batch 001/102  loss=0.0038  avg=0.0038
5442.7s 3296 batch 001/102  loss=0.0038  avg=0.0038
5449.7s 3297 batch 010/102  loss=0.0741  avg=0.0338
5449.9s 3298 batch 010/102  loss=0.0741  avg=0.0338
5457.9s 3299 batch 020/102  loss=0.0027  avg=0.0312
5458.1s 3300 batch 020/102  loss=0.0027  avg=0.0312
5465.8s 3301 batch 030/102  loss=0.0348  avg=0.0322
5466.0s 3302 batch 030/102  loss=0.0348  avg=0.0322
5474.0s 3303 batch 040/102  loss=0.1085  avg=0.0332
5474.2s 3304 batch 040/102  loss=0.1085  avg=0.0332
5481.9s 3305 batch 050/102  loss=0.0008  avg=0.0309
5482.1s 3306 batch 050/102  loss=0.0008  avg=0.0309
5490.1s 3307 batch 060/102  loss=0.0735  avg=0.0325
5490.3s 3308 batch 060/102  loss=0.0735  avg=0.0325
5497.9s 3309 batch 070/102  loss=0.0286  avg=0.0361
5498.1s 3310 batch 070/102  loss=0.0286  avg=0.0361
5506.0s 3311 batch 080/102  loss=0.1143  avg=0.0420
5506.2s 3312 batch 080/102  loss=0.1143  avg=0.0420
5514.0s 3313 batch 090/102  loss=0.0602  avg=0.0452
5514.2s 3314 batch 090/102  loss=0.0602  avg=0.0452
5522.0s 3315 batch 100/102  loss=0.1830  avg=0.0502
5522.3s 3316 batch 100/102  loss=0.1830  avg=0.0502
5523.6s 3317 batch 102/102  loss=0.1232  avg=0.0516
5523.8s 3318 batch 102/102  loss=0.1232  avg=0.0516
5529.9s 3319 loss=0.0516  val_f1=0.7449  val_acc=0.7917  lr=9.65e-05  stale=1/10
5529.9s 3320 psoriasis      P=0.444  R=0.267  F1=0.333
5529.9s 3321 atopy          P=0.536  R=0.938  F1=0.682
5529.9s 3322 acne           P=0.800  R=0.878  F1=0.837
5529.9s 3323 normal         P=1.000  R=1.000  F1=1.000
5529.9s 3324 rosacea        P=0.942  R=0.924  F1=0.933
5529.9s 3325 seborrheic     P=0.931  R=0.540  F1=0.683
5529.9s 3326 
5529.9s 3327 ────────────────────────────────────────────────────────────
5529.9s 3328 [epoch 007/50]  efficientnet_swin
5530.1s 3329 loss=0.0516  val_f1=0.7449  val_acc=0.7917  lr=9.65e-05  stale=1/10
5530.1s 3330 psoriasis      P=0.444  R=0.267  F1=0.333
5530.1s 3331 atopy          P=0.536  R=0.938  F1=0.682
5530.1s 3332 acne           P=0.800  R=0.878  F1=0.837
5530.1s 3333 normal         P=1.000  R=1.000  F1=1.000
5530.1s 3334 rosacea        P=0.942  R=0.924  F1=0.933
5530.1s 3335 seborrheic     P=0.931  R=0.540  F1=0.683
5530.1s 3336 
5530.1s 3337 ────────────────────────────────────────────────────────────
5530.1s 3338 [epoch 007/50]  efficientnet_swin
5532.0s 3339 batch 001/102  loss=0.0889  avg=0.0889
5532.3s 3340 batch 001/102  loss=0.0889  avg=0.0889
5539.2s 3341 batch 010/102  loss=0.0464  avg=0.0595
5539.4s 3342 batch 010/102  loss=0.0464  avg=0.0595
5547.5s 3343 batch 020/102  loss=0.0147  avg=0.0570
5547.7s 3344 batch 020/102  loss=0.0147  avg=0.0570
5555.6s 3345 batch 030/102  loss=0.0660  avg=0.0542
5555.9s 3346 batch 030/102  loss=0.0660  avg=0.0542
5563.6s 3347 batch 040/102  loss=0.0596  avg=0.0588
5563.8s 3348 batch 040/102  loss=0.0596  avg=0.0588
5571.8s 3349 batch 050/102  loss=0.0266  avg=0.0532
5572.0s 3350 batch 050/102  loss=0.0266  avg=0.0532
5579.9s 3351 batch 060/102  loss=0.0400  avg=0.0538
5580.1s 3352 batch 060/102  loss=0.0400  avg=0.0538
5587.8s 3353 batch 070/102  loss=0.0689  avg=0.0552
5588.1s 3354 batch 070/102  loss=0.0689  avg=0.0552
5595.9s 3355 batch 080/102  loss=0.0444  avg=0.0573
5596.1s 3356 batch 080/102  loss=0.0444  avg=0.0573
5604.0s 3357 batch 090/102  loss=0.1394  avg=0.0632
5604.2s 3358 batch 090/102  loss=0.1394  avg=0.0632
5611.9s 3359 batch 100/102  loss=0.2789  avg=0.0781
5612.1s 3360 batch 100/102  loss=0.2789  avg=0.0781
5613.4s 3361 batch 102/102  loss=0.3266  avg=0.0823
5613.6s 3362 batch 102/102  loss=0.3266  avg=0.0823
5619.8s 3363 loss=0.0823  val_f1=0.6275  val_acc=0.6574  lr=9.53e-05  stale=2/10
5619.8s 3364 psoriasis      P=1.000  R=0.200  F1=0.333
5619.8s 3365 atopy          P=0.857  R=0.375  F1=0.522
5619.8s 3366 acne           P=0.712  R=0.902  F1=0.796
5619.8s 3367 normal         P=1.000  R=1.000  F1=1.000
5619.8s 3368 rosacea        P=0.947  R=0.340  F1=0.500
5619.8s 3369 seborrheic     P=0.456  R=0.940  F1=0.614
5619.8s 3370 
5619.8s 3371 ────────────────────────────────────────────────────────────
5619.8s 3372 [epoch 008/50]  efficientnet_swin
5620.1s 3373 loss=0.0823  val_f1=0.6275  val_acc=0.6574  lr=9.53e-05  stale=2/10
5620.1s 3374 psoriasis      P=1.000  R=0.200  F1=0.333
5620.1s 3375 atopy          P=0.857  R=0.375  F1=0.522
5620.1s 3376 acne           P=0.712  R=0.902  F1=0.796
5620.1s 3377 normal         P=1.000  R=1.000  F1=1.000
5620.1s 3378 rosacea        P=0.947  R=0.340  F1=0.500
5620.1s 3379 seborrheic     P=0.456  R=0.940  F1=0.614
5620.1s 3380 
5620.1s 3381 ────────────────────────────────────────────────────────────
5620.1s 3382 [epoch 008/50]  efficientnet_swin
5621.9s 3383 batch 001/102  loss=0.2351  avg=0.2351
5622.1s 3384 batch 001/102  loss=0.2351  avg=0.2351
5629.1s 3385 batch 010/102  loss=0.2650  avg=0.3406
5629.4s 3386 batch 010/102  loss=0.2650  avg=0.3406
5637.3s 3387 batch 020/102  loss=0.1167  avg=0.2669
5637.5s 3388 batch 020/102  loss=0.1167  avg=0.2669
5645.5s 3389 batch 030/102  loss=0.0346  avg=0.2145
5645.7s 3390 batch 030/102  loss=0.0346  avg=0.2145
5653.5s 3391 batch 040/102  loss=0.1151  avg=0.1800
5653.7s 3392 batch 040/102  loss=0.1151  avg=0.1800
5661.5s 3393 batch 050/102  loss=0.2058  avg=0.1612
5661.7s 3394 batch 050/102  loss=0.2058  avg=0.1612
5669.4s 3395 batch 060/102  loss=0.0750  avg=0.1575
5669.6s 3396 batch 060/102  loss=0.0750  avg=0.1575
5677.3s 3397 batch 070/102  loss=0.0555  avg=0.1510
5677.5s 3398 batch 070/102  loss=0.0555  avg=0.1510
5685.3s 3399 batch 080/102  loss=0.0852  avg=0.1418
5685.6s 3400 batch 080/102  loss=0.0852  avg=0.1418
5693.5s 3401 batch 090/102  loss=0.0275  avg=0.1336
5693.7s 3402 batch 090/102  loss=0.0275  avg=0.1336
5701.4s 3403 batch 100/102  loss=0.0480  avg=0.1259
5701.6s 3404 batch 100/102  loss=0.0480  avg=0.1259
5702.9s 3405 batch 102/102  loss=0.0785  avg=0.1244
5703.1s 3406 batch 102/102  loss=0.0785  avg=0.1244
5709.4s 3407 loss=0.1244  val_f1=0.8335  val_acc=0.8750  lr=9.39e-05  stale=3/10
5709.4s 3408 psoriasis      P=0.833  R=0.333  F1=0.476
5709.4s 3409 atopy          P=0.903  R=0.875  F1=0.889
5709.4s 3410 acne           P=0.812  R=0.951  F1=0.876
5709.4s 3411 normal         P=1.000  R=1.000  F1=1.000
5709.4s 3412 rosacea        P=0.924  R=0.924  F1=0.924
5709.4s 3413 seborrheic     P=0.811  R=0.860  F1=0.835
5709.4s 3414 
5709.4s 3415 ────────────────────────────────────────────────────────────
5709.4s 3416 [epoch 009/50]  efficientnet_swin
5709.6s 3417 loss=0.1244  val_f1=0.8335  val_acc=0.8750  lr=9.39e-05  stale=3/10
5709.6s 3418 psoriasis      P=0.833  R=0.333  F1=0.476
5709.6s 3419 atopy          P=0.903  R=0.875  F1=0.889
5709.6s 3420 acne           P=0.812  R=0.951  F1=0.876
5709.6s 3421 normal         P=1.000  R=1.000  F1=1.000
5709.6s 3422 rosacea        P=0.924  R=0.924  F1=0.924
5709.6s 3423 seborrheic     P=0.811  R=0.860  F1=0.835
5709.6s 3424 
5709.6s 3425 ────────────────────────────────────────────────────────────
5709.6s 3426 [epoch 009/50]  efficientnet_swin
5711.5s 3427 batch 001/102  loss=0.0259  avg=0.0259
5711.7s 3428 batch 001/102  loss=0.0259  avg=0.0259
5718.3s 3429 batch 010/102  loss=0.0635  avg=0.0224
5718.6s 3430 batch 010/102  loss=0.0635  avg=0.0224
5726.5s 3431 batch 020/102  loss=0.0056  avg=0.0344
5726.7s 3432 batch 020/102  loss=0.0056  avg=0.0344
5734.6s 3433 batch 030/102  loss=0.1146  avg=0.0428
5734.8s 3434 batch 030/102  loss=0.1146  avg=0.0428
5742.6s 3435 batch 040/102  loss=0.0519  avg=0.0539
5742.8s 3436 batch 040/102  loss=0.0519  avg=0.0539
5750.6s 3437 batch 050/102  loss=0.0919  avg=0.0643
5750.9s 3438 batch 050/102  loss=0.0919  avg=0.0643
5758.7s 3439 batch 060/102  loss=0.0288  avg=0.0656
5758.9s 3440 batch 060/102  loss=0.0288  avg=0.0656
5766.6s 3441 batch 070/102  loss=0.0464  avg=0.0663
5766.8s 3442 batch 070/102  loss=0.0464  avg=0.0663
5774.6s 3443 batch 080/102  loss=0.0241  avg=0.0600
5774.8s 3444 batch 080/102  loss=0.0241  avg=0.0600
5782.5s 3445 batch 090/102  loss=0.0584  avg=0.0571
5782.8s 3446 batch 090/102  loss=0.0584  avg=0.0571
5790.4s 3447 batch 100/102  loss=0.0301  avg=0.0538
5790.6s 3448 batch 100/102  loss=0.0301  avg=0.0538
5792.1s 3449 batch 102/102  loss=0.0327  avg=0.0531
5792.3s 3450 batch 102/102  loss=0.0327  avg=0.0531
5798.4s 3451 loss=0.0531  val_f1=0.8367  val_acc=0.8657  lr=9.23e-05  stale=4/10
5798.4s 3452 psoriasis      P=0.700  R=0.467  F1=0.560
5798.4s 3453 atopy          P=0.871  R=0.844  F1=0.857
5798.4s 3454 acne           P=0.796  R=0.951  F1=0.867
5798.4s 3455 normal         P=1.000  R=1.000  F1=1.000
5798.4s 3456 rosacea        P=0.927  R=0.962  F1=0.944
5798.4s 3457 seborrheic     P=0.826  R=0.760  F1=0.792
5798.4s 3458 
5798.4s 3459 ────────────────────────────────────────────────────────────
5798.4s 3460 [epoch 010/50]  efficientnet_swin
5798.6s 3461 loss=0.0531  val_f1=0.8367  val_acc=0.8657  lr=9.23e-05  stale=4/10
5798.6s 3462 psoriasis      P=0.700  R=0.467  F1=0.560
5798.6s 3463 atopy          P=0.871  R=0.844  F1=0.857
5798.6s 3464 acne           P=0.796  R=0.951  F1=0.867
5798.6s 3465 normal         P=1.000  R=1.000  F1=1.000
5798.6s 3466 rosacea        P=0.927  R=0.962  F1=0.944
5798.6s 3467 seborrheic     P=0.826  R=0.760  F1=0.792
5798.6s 3468 
5798.6s 3469 ────────────────────────────────────────────────────────────
5798.6s 3470 [epoch 010/50]  efficientnet_swin
5800.5s 3471 batch 001/102  loss=0.0112  avg=0.0112
5800.7s 3472 batch 001/102  loss=0.0112  avg=0.0112
5807.9s 3473 batch 010/102  loss=0.0337  avg=0.0179
5808.1s 3474 batch 010/102  loss=0.0337  avg=0.0179
5815.9s 3475 batch 020/102  loss=0.0212  avg=0.0156
5816.2s 3476 batch 020/102  loss=0.0212  avg=0.0156
5824.2s 3477 batch 030/102  loss=0.0343  avg=0.0197
5824.4s 3478 batch 030/102  loss=0.0343  avg=0.0197
5832.4s 3479 batch 040/102  loss=0.0117  avg=0.0187
5832.6s 3480 batch 040/102  loss=0.0117  avg=0.0187
5840.5s 3481 batch 050/102  loss=0.0578  avg=0.0208
5840.7s 3482 batch 050/102  loss=0.0578  avg=0.0208
5848.5s 3483 batch 060/102  loss=0.0054  avg=0.0197
5848.8s 3484 batch 060/102  loss=0.0054  avg=0.0197
5856.4s 3485 batch 070/102  loss=0.0761  avg=0.0201
5856.6s 3486 batch 070/102  loss=0.0761  avg=0.0201
5864.5s 3487 batch 080/102  loss=0.0164  avg=0.0191
5864.7s 3488 batch 080/102  loss=0.0164  avg=0.0191
5872.6s 3489 batch 090/102  loss=0.0057  avg=0.0186
5872.8s 3490 batch 090/102  loss=0.0057  avg=0.0186
5880.5s 3491 batch 100/102  loss=0.0166  avg=0.0194
5880.7s 3492 batch 100/102  loss=0.0166  avg=0.0194
5882.0s 3493 batch 102/102  loss=0.0290  avg=0.0194
5882.2s 3494 batch 102/102  loss=0.0290  avg=0.0194
5888.4s 3495 loss=0.0194  val_f1=0.8502  val_acc=0.8843  lr=9.05e-05  stale=5/10
5888.4s 3496 psoriasis      P=0.857  R=0.400  F1=0.545
5888.4s 3497 atopy          P=0.964  R=0.844  F1=0.900
5888.4s 3498 acne           P=0.844  R=0.927  F1=0.884
5888.4s 3499 normal         P=1.000  R=1.000  F1=1.000
5888.4s 3500 rosacea        P=0.853  R=0.981  F1=0.912
5888.4s 3501 seborrheic     P=0.860  R=0.860  F1=0.860
5888.4s 3502 
5888.4s 3503 ────────────────────────────────────────────────────────────
5888.4s 3504 [epoch 011/50]  efficientnet_swin
5888.6s 3505 loss=0.0194  val_f1=0.8502  val_acc=0.8843  lr=9.05e-05  stale=5/10
5888.6s 3506 psoriasis      P=0.857  R=0.400  F1=0.545
5888.6s 3507 atopy          P=0.964  R=0.844  F1=0.900
5888.6s 3508 acne           P=0.844  R=0.927  F1=0.884
5888.6s 3509 normal         P=1.000  R=1.000  F1=1.000
5888.6s 3510 rosacea        P=0.853  R=0.981  F1=0.912
5888.6s 3511 seborrheic     P=0.860  R=0.860  F1=0.860
5888.6s 3512 
5888.6s 3513 ────────────────────────────────────────────────────────────
5888.6s 3514 [epoch 011/50]  efficientnet_swin
5890.5s 3515 batch 001/102  loss=0.0051  avg=0.0051
5890.7s 3516 batch 001/102  loss=0.0051  avg=0.0051
5897.8s 3517 batch 010/102  loss=0.0101  avg=0.0205
5898.0s 3518 batch 010/102  loss=0.0101  avg=0.0205
5905.7s 3519 batch 020/102  loss=0.0061  avg=0.0149
5905.9s 3520 batch 020/102  loss=0.0061  avg=0.0149
5913.8s 3521 batch 030/102  loss=0.0074  avg=0.0148
5914.1s 3522 batch 030/102  loss=0.0074  avg=0.0148
5921.9s 3523 batch 040/102  loss=0.0020  avg=0.0137
5922.1s 3524 batch 040/102  loss=0.0020  avg=0.0137
5929.9s 3525 batch 050/102  loss=0.0253  avg=0.0137
5930.1s 3526 batch 050/102  loss=0.0253  avg=0.0137
5938.0s 3527 batch 060/102  loss=0.0020  avg=0.0170
5938.2s 3528 batch 060/102  loss=0.0020  avg=0.0170
5945.9s 3529 batch 070/102  loss=0.0019  avg=0.0163
5946.1s 3530 batch 070/102  loss=0.0019  avg=0.0163
5953.6s 3531 batch 080/102  loss=0.0201  avg=0.0155
5953.8s 3532 batch 080/102  loss=0.0201  avg=0.0155
5961.6s 3533 batch 090/102  loss=0.0330  avg=0.0152
5961.8s 3534 batch 090/102  loss=0.0330  avg=0.0152
5969.5s 3535 batch 100/102  loss=0.0251  avg=0.0147
5969.7s 3536 batch 100/102  loss=0.0251  avg=0.0147
5971.1s 3537 batch 102/102  loss=0.0284  avg=0.0147
5971.3s 3538 batch 102/102  loss=0.0284  avg=0.0147
5977.6s 3539 loss=0.0147  val_f1=0.8515  val_acc=0.8796  lr=8.86e-05  stale=6/10
5977.6s 3540 psoriasis      P=0.615  R=0.533  F1=0.571
5977.6s 3541 atopy          P=0.900  R=0.844  F1=0.871
5977.6s 3542 acne           P=0.884  R=0.927  F1=0.905
5977.6s 3543 normal         P=1.000  R=1.000  F1=1.000
5977.6s 3544 rosacea        P=0.897  R=0.981  F1=0.937
5977.6s 3545 seborrheic     P=0.851  R=0.800  F1=0.825
5977.6s 3546 
5977.6s 3547 ────────────────────────────────────────────────────────────
5977.6s 3548 [epoch 012/50]  efficientnet_swin
5977.8s 3549 loss=0.0147  val_f1=0.8515  val_acc=0.8796  lr=8.86e-05  stale=6/10
5977.8s 3550 psoriasis      P=0.615  R=0.533  F1=0.571
5977.8s 3551 atopy          P=0.900  R=0.844  F1=0.871
5977.8s 3552 acne           P=0.884  R=0.927  F1=0.905
5977.8s 3553 normal         P=1.000  R=1.000  F1=1.000
5977.8s 3554 rosacea        P=0.897  R=0.981  F1=0.937
5977.8s 3555 seborrheic     P=0.851  R=0.800  F1=0.825
5977.8s 3556 
5977.8s 3557 ────────────────────────────────────────────────────────────
5977.8s 3558 [epoch 012/50]  efficientnet_swin
5979.7s 3559 batch 001/102  loss=0.0131  avg=0.0131
5979.9s 3560 batch 001/102  loss=0.0131  avg=0.0131
5987.1s 3561 batch 010/102  loss=0.0034  avg=0.0079
5987.3s 3562 batch 010/102  loss=0.0034  avg=0.0079
5994.9s 3563 batch 020/102  loss=0.0035  avg=0.0099
5995.1s 3564 batch 020/102  loss=0.0035  avg=0.0099
6003.1s 3565 batch 030/102  loss=0.0138  avg=0.0089
6003.3s 3566 batch 030/102  loss=0.0138  avg=0.0089
6011.3s 3567 batch 040/102  loss=0.0016  avg=0.0120
6011.6s 3568 batch 040/102  loss=0.0016  avg=0.0120
6019.3s 3569 batch 050/102  loss=0.0009  avg=0.0116
6019.5s 3570 batch 050/102  loss=0.0009  avg=0.0116
6027.4s 3571 batch 060/102  loss=0.0303  avg=0.0117
6027.6s 3572 batch 060/102  loss=0.0303  avg=0.0117
6035.5s 3573 batch 070/102  loss=0.0002  avg=0.0127
6035.7s 3574 batch 070/102  loss=0.0002  avg=0.0127
6043.4s 3575 batch 080/102  loss=0.0474  avg=0.0137
6043.7s 3576 batch 080/102  loss=0.0474  avg=0.0137
6051.5s 3577 batch 090/102  loss=0.0028  avg=0.0128
6051.7s 3578 batch 090/102  loss=0.0028  avg=0.0128
6059.5s 3579 batch 100/102  loss=0.0022  avg=0.0131
6059.7s 3580 batch 100/102  loss=0.0022  avg=0.0131
6061.1s 3581 batch 102/102  loss=0.0305  avg=0.0132
6061.3s 3582 batch 102/102  loss=0.0305  avg=0.0132
6067.5s 3583 loss=0.0132  val_f1=0.8776  val_acc=0.8935  lr=8.66e-05  stale=7/10
6067.5s 3584 psoriasis      P=1.000  R=0.533  F1=0.696
6067.5s 3585 atopy          P=0.966  R=0.875  F1=0.918
6067.5s 3586 acne           P=0.812  R=0.951  F1=0.876
6067.5s 3587 normal         P=1.000  R=1.000  F1=1.000
6067.5s 3588 rosacea        P=0.911  R=0.962  F1=0.936
6067.5s 3589 seborrheic     P=0.840  R=0.840  F1=0.840
6067.5s 3590 
6067.5s 3591 ────────────────────────────────────────────────────────────
6067.5s 3592 [epoch 013/50]  efficientnet_swin
6067.7s 3593 loss=0.0132  val_f1=0.8776  val_acc=0.8935  lr=8.66e-05  stale=7/10
6067.7s 3594 psoriasis      P=1.000  R=0.533  F1=0.696
6067.7s 3595 atopy          P=0.966  R=0.875  F1=0.918
6067.7s 3596 acne           P=0.812  R=0.951  F1=0.876
6067.7s 3597 normal         P=1.000  R=1.000  F1=1.000
6067.7s 3598 rosacea        P=0.911  R=0.962  F1=0.936
6067.7s 3599 seborrheic     P=0.840  R=0.840  F1=0.840
6067.7s 3600 
6067.7s 3601 ────────────────────────────────────────────────────────────
6067.7s 3602 [epoch 013/50]  efficientnet_swin
6069.6s 3603 batch 001/102  loss=0.0006  avg=0.0006
6069.8s 3604 batch 001/102  loss=0.0006  avg=0.0006
6077.1s 3605 batch 010/102  loss=0.0010  avg=0.0093
6077.3s 3606 batch 010/102  loss=0.0010  avg=0.0093
6085.0s 3607 batch 020/102  loss=0.0002  avg=0.0056
6085.2s 3608 batch 020/102  loss=0.0002  avg=0.0056
6093.1s 3609 batch 030/102  loss=0.0667  avg=0.0078
6093.3s 3610 batch 030/102  loss=0.0667  avg=0.0078
6101.2s 3611 batch 040/102  loss=0.0271  avg=0.0094
6101.4s 3612 batch 040/102  loss=0.0271  avg=0.0094
6109.0s 3613 batch 050/102  loss=0.0002  avg=0.0142
6109.3s 3614 batch 050/102  loss=0.0002  avg=0.0142
6117.1s 3615 batch 060/102  loss=0.0032  avg=0.0190
6117.3s 3616 batch 060/102  loss=0.0032  avg=0.0190
6125.1s 3617 batch 070/102  loss=0.0046  avg=0.0175
6125.3s 3618 batch 070/102  loss=0.0046  avg=0.0175
6133.0s 3619 batch 080/102  loss=0.0110  avg=0.0175
6133.2s 3620 batch 080/102  loss=0.0110  avg=0.0175
6141.1s 3621 batch 090/102  loss=0.0218  avg=0.0176
6141.4s 3622 batch 090/102  loss=0.0218  avg=0.0176
6149.1s 3623 batch 100/102  loss=0.0339  avg=0.0180
6149.3s 3624 batch 100/102  loss=0.0339  avg=0.0180
6150.6s 3625 batch 102/102  loss=0.0012  avg=0.0180
6150.8s 3626 batch 102/102  loss=0.0012  avg=0.0180
6157.0s 3627 loss=0.0180  val_f1=0.8971  val_acc=0.9028  lr=8.44e-05  stale=8/10
6157.0s 3628 psoriasis      P=0.909  R=0.667  F1=0.769
6157.0s 3629 atopy          P=0.966  R=0.875  F1=0.918
6157.0s 3630 acne           P=0.907  R=0.951  F1=0.929
6157.0s 3631 normal         P=1.000  R=1.000  F1=1.000
6157.0s 3632 rosacea        P=0.979  R=0.868  F1=0.920
6157.0s 3633 seborrheic     P=0.770  R=0.940  F1=0.847
6157.0s 3634 
6157.0s 3635 ────────────────────────────────────────────────────────────
6157.0s 3636 [epoch 014/50]  efficientnet_swin
6157.2s 3637 loss=0.0180  val_f1=0.8971  val_acc=0.9028  lr=8.44e-05  stale=8/10
6157.2s 3638 psoriasis      P=0.909  R=0.667  F1=0.769
6157.2s 3639 atopy          P=0.966  R=0.875  F1=0.918
6157.2s 3640 acne           P=0.907  R=0.951  F1=0.929
6157.2s 3641 normal         P=1.000  R=1.000  F1=1.000
6157.2s 3642 rosacea        P=0.979  R=0.868  F1=0.920
6157.2s 3643 seborrheic     P=0.770  R=0.940  F1=0.847
6157.2s 3644 
6157.2s 3645 ────────────────────────────────────────────────────────────
6157.2s 3646 [epoch 014/50]  efficientnet_swin
6159.1s 3647 batch 001/102  loss=0.0018  avg=0.0018
6159.3s 3648 batch 001/102  loss=0.0018  avg=0.0018
6166.4s 3649 batch 010/102  loss=0.0227  avg=0.0133
6166.6s 3650 batch 010/102  loss=0.0227  avg=0.0133
6174.5s 3651 batch 020/102  loss=0.0018  avg=0.0128
6174.8s 3652 batch 020/102  loss=0.0018  avg=0.0128
6182.5s 3653 batch 030/102  loss=0.0025  avg=0.0113
6182.7s 3654 batch 030/102  loss=0.0025  avg=0.0113
6190.7s 3655 batch 040/102  loss=0.0368  avg=0.0105
6190.9s 3656 batch 040/102  loss=0.0368  avg=0.0105
6198.5s 3657 batch 050/102  loss=0.0006  avg=0.0110
6198.7s 3658 batch 050/102  loss=0.0006  avg=0.0110
6206.6s 3659 batch 060/102  loss=0.0003  avg=0.0113
6206.8s 3660 batch 060/102  loss=0.0003  avg=0.0113
6214.6s 3661 batch 070/102  loss=0.0003  avg=0.0111
6214.8s 3662 batch 070/102  loss=0.0003  avg=0.0111
6222.5s 3663 batch 080/102  loss=0.0020  avg=0.0108
6222.7s 3664 batch 080/102  loss=0.0020  avg=0.0108
6230.4s 3665 batch 090/102  loss=0.0010  avg=0.0100
6230.6s 3666 batch 090/102  loss=0.0010  avg=0.0100
6238.5s 3667 batch 100/102  loss=0.0005  avg=0.0104
6238.8s 3668 batch 100/102  loss=0.0005  avg=0.0104
6240.0s 3669 batch 102/102  loss=0.0209  avg=0.0104
6240.2s 3670 batch 102/102  loss=0.0209  avg=0.0104
6246.6s 3671 loss=0.0104  val_f1=0.8834  val_acc=0.9120  lr=8.21e-05  stale=9/10
6246.6s 3672 psoriasis      P=1.000  R=0.467  F1=0.636
6246.6s 3673 atopy          P=0.906  R=0.906  F1=0.906
6246.6s 3674 acne           P=0.927  R=0.927  F1=0.927
6246.6s 3675 normal         P=1.000  R=1.000  F1=1.000
6246.6s 3676 rosacea        P=0.911  R=0.962  F1=0.936
6246.6s 3677 seborrheic     P=0.855  R=0.940  F1=0.895
6246.6s 3678 
6246.6s 3679 ────────────────────────────────────────────────────────────
6246.6s 3680 [epoch 015/50]  efficientnet_swin
6246.8s 3681 loss=0.0104  val_f1=0.8834  val_acc=0.9120  lr=8.21e-05  stale=9/10
6246.8s 3682 psoriasis      P=1.000  R=0.467  F1=0.636
6246.8s 3683 atopy          P=0.906  R=0.906  F1=0.906
6246.8s 3684 acne           P=0.927  R=0.927  F1=0.927
6246.8s 3685 normal         P=1.000  R=1.000  F1=1.000
6246.8s 3686 rosacea        P=0.911  R=0.962  F1=0.936
6246.8s 3687 seborrheic     P=0.855  R=0.940  F1=0.895
6246.8s 3688 
6246.8s 3689 ────────────────────────────────────────────────────────────
6246.8s 3690 [epoch 015/50]  efficientnet_swin
6248.7s 3691 batch 001/102  loss=0.0020  avg=0.0020
6248.9s 3692 batch 001/102  loss=0.0020  avg=0.0020
6255.9s 3693 batch 010/102  loss=0.0082  avg=0.0073
6256.1s 3694 batch 010/102  loss=0.0082  avg=0.0073
6263.8s 3695 batch 020/102  loss=0.0005  avg=0.0068
6264.0s 3696 batch 020/102  loss=0.0005  avg=0.0068
6272.0s 3697 batch 030/102  loss=0.0010  avg=0.0076
6272.2s 3698 batch 030/102  loss=0.0010  avg=0.0076
6280.1s 3699 batch 040/102  loss=0.0007  avg=0.0099
6280.3s 3700 batch 040/102  loss=0.0007  avg=0.0099
6288.1s 3701 batch 050/102  loss=0.0033  avg=0.0099
6288.3s 3702 batch 050/102  loss=0.0033  avg=0.0099
6296.2s 3703 batch 060/102  loss=0.0051  avg=0.0093
6296.4s 3704 batch 060/102  loss=0.0051  avg=0.0093
6304.2s 3705 batch 070/102  loss=0.0573  avg=0.0102
6304.5s 3706 batch 070/102  loss=0.0573  avg=0.0102
6312.0s 3707 batch 080/102  loss=0.0433  avg=0.0115
6312.2s 3708 batch 080/102  loss=0.0433  avg=0.0115
6319.8s 3709 batch 090/102  loss=0.1175  avg=0.0137
6320.0s 3710 batch 090/102  loss=0.1175  avg=0.0137
6327.8s 3711 batch 100/102  loss=0.0052  avg=0.0145
6328.0s 3712 batch 100/102  loss=0.0052  avg=0.0145
6329.3s 3713 batch 102/102  loss=0.0308  avg=0.0148
6329.5s 3714 batch 102/102  loss=0.0308  avg=0.0148
6335.8s 3715 loss=0.0148  val_f1=0.8494  val_acc=0.8704  lr=7.96e-05  stale=10/10
6335.8s 3716 psoriasis      P=0.600  R=0.600  F1=0.600
6335.8s 3717 atopy          P=0.906  R=0.906  F1=0.906
6335.8s 3718 acne           P=0.865  R=0.780  F1=0.821
6335.8s 3719 normal         P=1.000  R=1.000  F1=1.000
6335.8s 3720 rosacea        P=0.926  R=0.943  F1=0.935
6335.8s 3721 seborrheic     P=0.811  R=0.860  F1=0.835
6335.8s 3722 
6335.8s 3723 [early stop] epoch=15  best_epoch=5  best_f1=0.9094  stale=10
6335.8s 3724 
6335.8s 3725 [test]
6336.1s 3726 loss=0.0148  val_f1=0.8494  val_acc=0.8704  lr=7.96e-05  stale=10/10
6336.1s 3727 psoriasis      P=0.600  R=0.600  F1=0.600
6336.1s 3728 atopy          P=0.906  R=0.906  F1=0.906
6336.1s 3729 acne           P=0.865  R=0.780  F1=0.821
6336.1s 3730 normal         P=1.000  R=1.000  F1=1.000
6336.1s 3731 rosacea        P=0.926  R=0.943  F1=0.935
6336.1s 3732 seborrheic     P=0.811  R=0.860  F1=0.835
6336.1s 3733 
6336.1s 3734 [early stop] epoch=15  best_epoch=5  best_f1=0.9094  stale=10
6336.1s 3735 
6336.1s 3736 [test]
6343.0s 3737 acc=0.9111  f1=0.9090  recall=0.9062  conf=0.8988
6343.0s 3738 psoriasis      P=0.867  R=0.765  F1=0.812
6343.0s 3739 atopy          P=0.903  R=0.966  F1=0.933
6343.0s 3740 acne           P=0.917  R=0.898  F1=0.907
6343.0s 3741 normal         P=1.000  R=1.000  F1=1.000
6343.0s 3742 rosacea        P=0.924  R=0.924  F1=0.924
6343.0s 3743 seborrheic     P=0.868  R=0.885  F1=0.876
6343.0s 3744 [summary] /kaggle/working/outputs_20260504_064512/checkpoints/efficientnet_swin/summary.json
6343.2s 3745 acc=0.9111  f1=0.9090  recall=0.9062  conf=0.8988
6343.2s 3746 psoriasis      P=0.867  R=0.765  F1=0.812
6343.2s 3747 atopy          P=0.903  R=0.966  F1=0.933
6343.2s 3748 acne           P=0.917  R=0.898  F1=0.907
6343.2s 3749 normal         P=1.000  R=1.000  F1=1.000
6343.2s 3750 rosacea        P=0.924  R=0.924  F1=0.924
6343.2s 3751 seborrheic     P=0.868  R=0.885  F1=0.876
6343.2s 3752 [summary] /kaggle/working/outputs_20260504_064512/checkpoints/efficientnet_swin/summary.json
6344.6s 3753 [done] efficientnet_swin  exit_code=0  end=2026-05-04 08:30:39
6344.6s 3754 
6344.6s 3755 ============================================================
6344.6s 3756 [model] resnet_swin  start=2026-05-04 08:30:39
6344.6s 3757 ============================================================
6344.8s 3758 [done] efficientnet_swin  exit_code=0  end=2026-05-04 08:30:39
6344.8s 3759 
6344.8s 3760 ============================================================
6344.8s 3761 [model] resnet_swin  start=2026-05-04 08:30:39
6344.8s 3762 ============================================================
6348.5s 3763 [init] model=resnet_swin  device=cuda  gpus=2
6348.5s 3764 epochs=50  min_epochs=10  patience=10  min_delta=0.001
6348.7s 3765 [init] model=resnet_swin  device=cuda  gpus=2
6348.7s 3766 epochs=50  min_epochs=10  patience=10  min_delta=0.001
6349.1s 3767 loaded /kaggle/working/outputs_20260504_064512/weights_pool/resnet_best.pth
6349.3s 3768 loaded /kaggle/working/outputs_20260504_064512/weights_pool/resnet_best.pth
6349.8s 3769 loaded /kaggle/working/outputs_20260504_064512/weights_pool/swin_best.pth
6350.0s 3770 loaded /kaggle/working/outputs_20260504_064512/weights_pool/swin_best.pth
6350.1s 3771 [init] DataParallel: 2 GPUs
6350.3s 3772 [init] DataParallel: 2 GPUs
6350.7s 3773 
6350.7s 3774 ────────────────────────────────────────────────────────────
6350.7s 3775 [epoch 001/50]  resnet_swin
6350.9s 3776 
6350.9s 3777 ────────────────────────────────────────────────────────────
6350.9s 3778 [epoch 001/50]  resnet_swin
6356.2s 3779 batch 001/51  loss=0.1205  avg=0.1205
6356.4s 3780 batch 001/51  loss=0.1205  avg=0.1205
6365.6s 3781 batch 010/51  loss=0.0292  avg=0.0469
6365.8s 3782 batch 010/51  loss=0.0292  avg=0.0469
6378.7s 3783 batch 020/51  loss=0.0850  avg=0.0416
6379.0s 3784 batch 020/51  loss=0.0850  avg=0.0416
6392.1s 3785 batch 030/51  loss=0.0905  avg=0.0482
6392.3s 3786 batch 030/51  loss=0.0905  avg=0.0482
6405.5s 3787 batch 040/51  loss=0.0172  avg=0.0512
6405.7s 3788 batch 040/51  loss=0.0172  avg=0.0512
6418.2s 3789 batch 050/51  loss=0.0428  avg=0.0549
6418.4s 3790 batch 050/51  loss=0.0428  avg=0.0549
6419.1s 3791 batch 051/51  loss=0.0384  avg=0.0546
6419.3s 3792 batch 051/51  loss=0.0384  avg=0.0546
6425.4s 3793 loss=0.0546  val_f1=0.8281  val_acc=0.8333  lr=9.99e-05  stale=0/10  *** BEST ***
6425.4s 3794 psoriasis      P=0.750  R=0.600  F1=0.667
6425.4s 3795 atopy          P=0.871  R=0.844  F1=0.857
6425.4s 3796 acne           P=0.964  R=0.658  F1=0.783
6425.4s 3797 normal         P=1.000  R=1.000  F1=1.000
6425.4s 3798 rosacea        P=0.939  R=0.868  F1=0.902
6425.4s 3799 seborrheic     P=0.648  R=0.920  F1=0.760
6425.4s 3800 
6425.4s 3801 ────────────────────────────────────────────────────────────
6425.4s 3802 [epoch 002/50]  resnet_swin
6425.6s 3803 loss=0.0546  val_f1=0.8281  val_acc=0.8333  lr=9.99e-05  stale=0/10  *** BEST ***
6425.6s 3804 psoriasis      P=0.750  R=0.600  F1=0.667
6425.6s 3805 atopy          P=0.871  R=0.844  F1=0.857
6425.6s 3806 acne           P=0.964  R=0.658  F1=0.783
6425.6s 3807 normal         P=1.000  R=1.000  F1=1.000
6425.6s 3808 rosacea        P=0.939  R=0.868  F1=0.902
6425.6s 3809 seborrheic     P=0.648  R=0.920  F1=0.760
6425.6s 3810 
6425.6s 3811 ────────────────────────────────────────────────────────────
6425.6s 3812 [epoch 002/50]  resnet_swin
6428.7s 3813 batch 001/51  loss=0.0141  avg=0.0141
6428.9s 3814 batch 001/51  loss=0.0141  avg=0.0141
6439.9s 3815 batch 010/51  loss=0.0863  avg=0.0468
6440.1s 3816 batch 010/51  loss=0.0863  avg=0.0468
6452.4s 3817 batch 020/51  loss=0.0443  avg=0.0383
6452.7s 3818 batch 020/51  loss=0.0443  avg=0.0383
6465.8s 3819 batch 030/51  loss=0.0766  avg=0.0418
6466.0s 3820 batch 030/51  loss=0.0766  avg=0.0418
6478.4s 3821 batch 040/51  loss=0.0611  avg=0.0399
6478.6s 3822 batch 040/51  loss=0.0611  avg=0.0399
6490.7s 3823 batch 050/51  loss=0.0284  avg=0.0382
6491.0s 3824 batch 050/51  loss=0.0284  avg=0.0382
6491.7s 3825 batch 051/51  loss=0.0476  avg=0.0384
6491.9s 3826 batch 051/51  loss=0.0476  avg=0.0384
6497.3s 3827 loss=0.0384  val_f1=0.8212  val_acc=0.8426  lr=9.96e-05  stale=1/10
6497.3s 3828 psoriasis      P=1.000  R=0.400  F1=0.571
6497.3s 3829 atopy          P=0.867  R=0.812  F1=0.839
6497.3s 3830 acne           P=0.830  R=0.951  F1=0.886
6497.3s 3831 normal         P=1.000  R=1.000  F1=1.000
6497.3s 3832 rosacea        P=0.950  R=0.717  F1=0.817
6497.3s 3833 seborrheic     P=0.706  R=0.960  F1=0.814
6497.3s 3834 
6497.3s 3835 ────────────────────────────────────────────────────────────
6497.3s 3836 [epoch 003/50]  resnet_swin
6497.5s 3837 loss=0.0384  val_f1=0.8212  val_acc=0.8426  lr=9.96e-05  stale=1/10
6497.5s 3838 psoriasis      P=1.000  R=0.400  F1=0.571
6497.5s 3839 atopy          P=0.867  R=0.812  F1=0.839
6497.5s 3840 acne           P=0.830  R=0.951  F1=0.886
6497.5s 3841 normal         P=1.000  R=1.000  F1=1.000
6497.5s 3842 rosacea        P=0.950  R=0.717  F1=0.817
6497.5s 3843 seborrheic     P=0.706  R=0.960  F1=0.814
6497.5s 3844 
6497.5s 3845 ────────────────────────────────────────────────────────────
6497.5s 3846 [epoch 003/50]  resnet_swin
6500.6s 3847 batch 001/51  loss=0.0234  avg=0.0234
6500.8s 3848 batch 001/51  loss=0.0234  avg=0.0234
6512.3s 3849 batch 010/51  loss=0.0434  avg=0.0361
6512.5s 3850 batch 010/51  loss=0.0434  avg=0.0361
6525.3s 3851 batch 020/51  loss=0.0102  avg=0.0366
6525.6s 3852 batch 020/51  loss=0.0102  avg=0.0366
6537.7s 3853 batch 030/51  loss=0.0096  avg=0.0341
6537.9s 3854 batch 030/51  loss=0.0096  avg=0.0341
6550.5s 3855 batch 040/51  loss=0.0116  avg=0.0307
6550.7s 3856 batch 040/51  loss=0.0116  avg=0.0307
6563.2s 3857 batch 050/51  loss=0.0239  avg=0.0303
6563.5s 3858 batch 050/51  loss=0.0239  avg=0.0303
6564.4s 3859 batch 051/51  loss=0.0119  avg=0.0299
6564.6s 3860 batch 051/51  loss=0.0119  avg=0.0299
6570.7s 3861 loss=0.0299  val_f1=0.8800  val_acc=0.8889  lr=9.91e-05  stale=0/10  *** BEST ***
6570.7s 3862 psoriasis      P=0.769  R=0.667  F1=0.714
6570.7s 3863 atopy          P=0.966  R=0.875  F1=0.918
6570.7s 3864 acne           P=0.925  R=0.902  F1=0.914
6570.7s 3865 normal         P=1.000  R=1.000  F1=1.000
6570.7s 3866 rosacea        P=0.875  R=0.924  F1=0.899
6570.7s 3867 seborrheic     P=0.811  R=0.860  F1=0.835
6570.7s 3868 
6570.7s 3869 ────────────────────────────────────────────────────────────
6570.7s 3870 [epoch 004/50]  resnet_swin
6570.9s 3871 loss=0.0299  val_f1=0.8800  val_acc=0.8889  lr=9.91e-05  stale=0/10  *** BEST ***
6570.9s 3872 psoriasis      P=0.769  R=0.667  F1=0.714
6570.9s 3873 atopy          P=0.966  R=0.875  F1=0.918
6570.9s 3874 acne           P=0.925  R=0.902  F1=0.914
6570.9s 3875 normal         P=1.000  R=1.000  F1=1.000
6570.9s 3876 rosacea        P=0.875  R=0.924  F1=0.899
6570.9s 3877 seborrheic     P=0.811  R=0.860  F1=0.835
6570.9s 3878 
6570.9s 3879 ────────────────────────────────────────────────────────────
6570.9s 3880 [epoch 004/50]  resnet_swin
6574.0s 3881 batch 001/51  loss=0.0276  avg=0.0276
6574.2s 3882 batch 001/51  loss=0.0276  avg=0.0276
6585.6s 3883 batch 010/51  loss=0.0321  avg=0.0274
6585.8s 3884 batch 010/51  loss=0.0321  avg=0.0274
6598.5s 3885 batch 020/51  loss=0.0642  avg=0.0251
6598.7s 3886 batch 020/51  loss=0.0642  avg=0.0251
6611.5s 3887 batch 030/51  loss=0.0336  avg=0.0237
6611.7s 3888 batch 030/51  loss=0.0336  avg=0.0237
6624.2s 3889 batch 040/51  loss=0.0083  avg=0.0250
6624.4s 3890 batch 040/51  loss=0.0083  avg=0.0250
6636.9s 3891 batch 050/51  loss=0.0074  avg=0.0240
6637.1s 3892 batch 050/51  loss=0.0074  avg=0.0240
6638.3s 3893 batch 051/51  loss=0.0133  avg=0.0238
6638.5s 3894 batch 051/51  loss=0.0133  avg=0.0238
6644.2s 3895 loss=0.0238  val_f1=0.8425  val_acc=0.8750  lr=9.84e-05  stale=1/10
6644.2s 3896 psoriasis      P=1.000  R=0.400  F1=0.571
6644.2s 3897 atopy          P=0.800  R=0.875  F1=0.836
6644.2s 3898 acne           P=0.841  R=0.902  F1=0.871
6644.2s 3899 normal         P=1.000  R=1.000  F1=1.000
6644.2s 3900 rosacea        P=0.909  R=0.943  F1=0.926
6644.2s 3901 seborrheic     P=0.843  R=0.860  F1=0.852
6644.2s 3902 
6644.2s 3903 ────────────────────────────────────────────────────────────
6644.2s 3904 [epoch 005/50]  resnet_swin
6644.4s 3905 loss=0.0238  val_f1=0.8425  val_acc=0.8750  lr=9.84e-05  stale=1/10
6644.4s 3906 psoriasis      P=1.000  R=0.400  F1=0.571
6644.4s 3907 atopy          P=0.800  R=0.875  F1=0.836
6644.4s 3908 acne           P=0.841  R=0.902  F1=0.871
6644.4s 3909 normal         P=1.000  R=1.000  F1=1.000
6644.4s 3910 rosacea        P=0.909  R=0.943  F1=0.926
6644.4s 3911 seborrheic     P=0.843  R=0.860  F1=0.852
6644.4s 3912 
6644.4s 3913 ────────────────────────────────────────────────────────────
6644.4s 3914 [epoch 005/50]  resnet_swin
6647.5s 3915 batch 001/51  loss=0.0298  avg=0.0298
6647.7s 3916 batch 001/51  loss=0.0298  avg=0.0298
6658.6s 3917 batch 010/51  loss=0.0054  avg=0.0229
6658.8s 3918 batch 010/51  loss=0.0054  avg=0.0229
6671.5s 3919 batch 020/51  loss=0.0305  avg=0.0240
6671.8s 3920 batch 020/51  loss=0.0305  avg=0.0240
6684.2s 3921 batch 030/51  loss=0.0084  avg=0.0220
6684.4s 3922 batch 030/51  loss=0.0084  avg=0.0220
6696.5s 3923 batch 040/51  loss=0.0172  avg=0.0233
6696.7s 3924 batch 040/51  loss=0.0172  avg=0.0233
6708.8s 3925 batch 050/51  loss=0.0484  avg=0.0256
6709.2s 3926 batch 050/51  loss=0.0484  avg=0.0256
6709.9s 3927 batch 051/51  loss=0.0355  avg=0.0258
6710.1s 3928 batch 051/51  loss=0.0355  avg=0.0258
6715.8s 3929 loss=0.0258  val_f1=0.8544  val_acc=0.8565  lr=9.76e-05  stale=2/10
6715.8s 3930 psoriasis      P=0.688  R=0.733  F1=0.710
6715.8s 3931 atopy          P=0.929  R=0.812  F1=0.867
6715.8s 3932 acne           P=1.000  R=0.780  F1=0.877
6715.8s 3933 normal         P=1.000  R=1.000  F1=1.000
6715.8s 3934 rosacea        P=0.915  R=0.811  F1=0.860
6715.8s 3935 seborrheic     P=0.706  R=0.960  F1=0.814
6715.8s 3936 
6715.8s 3937 ────────────────────────────────────────────────────────────
6715.8s 3938 [epoch 006/50]  resnet_swin
6716.0s 3939 loss=0.0258  val_f1=0.8544  val_acc=0.8565  lr=9.76e-05  stale=2/10
6716.0s 3940 psoriasis      P=0.688  R=0.733  F1=0.710
6716.0s 3941 atopy          P=0.929  R=0.812  F1=0.867
6716.0s 3942 acne           P=1.000  R=0.780  F1=0.877
6716.0s 3943 normal         P=1.000  R=1.000  F1=1.000
6716.0s 3944 rosacea        P=0.915  R=0.811  F1=0.860
6716.0s 3945 seborrheic     P=0.706  R=0.960  F1=0.814
6716.0s 3946 
6716.0s 3947 ────────────────────────────────────────────────────────────
6716.0s 3948 [epoch 006/50]  resnet_swin
6719.1s 3949 batch 001/51  loss=0.0228  avg=0.0228
6719.3s 3950 batch 001/51  loss=0.0228  avg=0.0228
6730.5s 3951 batch 010/51  loss=0.0076  avg=0.0149
6730.7s 3952 batch 010/51  loss=0.0076  avg=0.0149
6743.6s 3953 batch 020/51  loss=0.0038  avg=0.0212
6743.9s 3954 batch 020/51  loss=0.0038  avg=0.0212
6755.9s 3955 batch 030/51  loss=0.0120  avg=0.0236
6756.1s 3956 batch 030/51  loss=0.0120  avg=0.0236
6768.8s 3957 batch 040/51  loss=0.0873  avg=0.0252
6769.0s 3958 batch 040/51  loss=0.0873  avg=0.0252
6781.8s 3959 batch 050/51  loss=0.0048  avg=0.0264
6782.0s 3960 batch 050/51  loss=0.0048  avg=0.0264
6782.9s 3961 batch 051/51  loss=0.0145  avg=0.0262
6783.1s 3962 batch 051/51  loss=0.0145  avg=0.0262
6788.9s 3963 loss=0.0262  val_f1=0.8245  val_acc=0.8472  lr=9.65e-05  stale=3/10
6788.9s 3964 psoriasis      P=0.571  R=0.533  F1=0.552
6788.9s 3965 atopy          P=0.960  R=0.750  F1=0.842
6788.9s 3966 acne           P=0.755  R=0.976  F1=0.851
6788.9s 3967 normal         P=1.000  R=1.000  F1=1.000
6788.9s 3968 rosacea        P=0.939  R=0.868  F1=0.902
6788.9s 3969 seborrheic     P=0.800  R=0.800  F1=0.800
6788.9s 3970 
6788.9s 3971 ────────────────────────────────────────────────────────────
6788.9s 3972 [epoch 007/50]  resnet_swin
6789.1s 3973 loss=0.0262  val_f1=0.8245  val_acc=0.8472  lr=9.65e-05  stale=3/10
6789.1s 3974 psoriasis      P=0.571  R=0.533  F1=0.552
6789.1s 3975 atopy          P=0.960  R=0.750  F1=0.842
6789.1s 3976 acne           P=0.755  R=0.976  F1=0.851
6789.1s 3977 normal         P=1.000  R=1.000  F1=1.000
6789.1s 3978 rosacea        P=0.939  R=0.868  F1=0.902
6789.1s 3979 seborrheic     P=0.800  R=0.800  F1=0.800
6789.1s 3980 
6789.1s 3981 ────────────────────────────────────────────────────────────
6789.1s 3982 [epoch 007/50]  resnet_swin
6792.2s 3983 batch 001/51  loss=0.0269  avg=0.0269
6792.4s 3984 batch 001/51  loss=0.0269  avg=0.0269
6803.0s 3985 batch 010/51  loss=0.0043  avg=0.0154
6803.2s 3986 batch 010/51  loss=0.0043  avg=0.0154
6816.0s 3987 batch 020/51  loss=0.0212  avg=0.0182
6816.3s 3988 batch 020/51  loss=0.0212  avg=0.0182
6828.7s 3989 batch 030/51  loss=0.0315  avg=0.0206
6829.0s 3990 batch 030/51  loss=0.0315  avg=0.0206
6841.1s 3991 batch 040/51  loss=0.0216  avg=0.0203
6841.3s 3992 batch 040/51  loss=0.0216  avg=0.0203
6854.2s 3993 batch 050/51  loss=0.0274  avg=0.0193
6854.5s 3994 batch 050/51  loss=0.0274  avg=0.0193
6855.3s 3995 batch 051/51  loss=0.0226  avg=0.0194
6855.5s 3996 batch 051/51  loss=0.0226  avg=0.0194
6861.2s 3997 loss=0.0194  val_f1=0.8350  val_acc=0.8750  lr=9.53e-05  stale=4/10
6861.2s 3998 psoriasis      P=1.000  R=0.333  F1=0.500
6861.2s 3999 atopy          P=0.893  R=0.781  F1=0.833
6861.2s 4000 acne           P=0.905  R=0.927  F1=0.916
6861.2s 4001 normal         P=1.000  R=1.000  F1=1.000
6861.2s 4002 rosacea        P=0.979  R=0.887  F1=0.931
6861.2s 4003 seborrheic     P=0.721  R=0.980  F1=0.831
6861.2s 4004 
6861.2s 4005 ────────────────────────────────────────────────────────────
6861.2s 4006 [epoch 008/50]  resnet_swin
6861.4s 4007 loss=0.0194  val_f1=0.8350  val_acc=0.8750  lr=9.53e-05  stale=4/10
6861.4s 4008 psoriasis      P=1.000  R=0.333  F1=0.500
6861.4s 4009 atopy          P=0.893  R=0.781  F1=0.833
6861.4s 4010 acne           P=0.905  R=0.927  F1=0.916
6861.4s 4011 normal         P=1.000  R=1.000  F1=1.000
6861.4s 4012 rosacea        P=0.979  R=0.887  F1=0.931
6861.4s 4013 seborrheic     P=0.721  R=0.980  F1=0.831
6861.4s 4014 
6861.4s 4015 ────────────────────────────────────────────────────────────
6861.4s 4016 [epoch 008/50]  resnet_swin
6864.6s 4017 batch 001/51  loss=0.0199  avg=0.0199
6864.8s 4018 batch 001/51  loss=0.0199  avg=0.0199
6875.6s 4019 batch 010/51  loss=0.0164  avg=0.0215
6875.8s 4020 batch 010/51  loss=0.0164  avg=0.0215
6889.0s 4021 batch 020/51  loss=0.0036  avg=0.0304
6889.3s 4022 batch 020/51  loss=0.0036  avg=0.0304
6901.7s 4023 batch 030/51  loss=0.1028  avg=0.0339
6901.9s 4024 batch 030/51  loss=0.1028  avg=0.0339
6914.5s 4025 batch 040/51  loss=0.0100  avg=0.0420
6914.7s 4026 batch 040/51  loss=0.0100  avg=0.0420
6927.2s 4027 batch 050/51  loss=0.0767  avg=0.0500
6927.5s 4028 batch 050/51  loss=0.0767  avg=0.0500
6928.2s 4029 batch 051/51  loss=0.0571  avg=0.0502
6928.4s 4030 batch 051/51  loss=0.0571  avg=0.0502
6934.1s 4031 loss=0.0502  val_f1=0.8434  val_acc=0.8565  lr=9.39e-05  stale=5/10
6934.1s 4032 psoriasis      P=0.889  R=0.533  F1=0.667
6934.1s 4033 atopy          P=0.867  R=0.812  F1=0.839
6934.1s 4034 acne           P=0.864  R=0.927  F1=0.894
6934.1s 4035 normal         P=0.962  R=1.000  F1=0.980
6934.1s 4036 rosacea        P=1.000  R=0.755  F1=0.860
6934.1s 4037 seborrheic     P=0.716  R=0.960  F1=0.821
6934.1s 4038 
6934.1s 4039 ────────────────────────────────────────────────────────────
6934.1s 4040 [epoch 009/50]  resnet_swin
6934.3s 4041 loss=0.0502  val_f1=0.8434  val_acc=0.8565  lr=9.39e-05  stale=5/10
6934.3s 4042 psoriasis      P=0.889  R=0.533  F1=0.667
6934.3s 4043 atopy          P=0.867  R=0.812  F1=0.839
6934.3s 4044 acne           P=0.864  R=0.927  F1=0.894
6934.3s 4045 normal         P=0.962  R=1.000  F1=0.980
6934.3s 4046 rosacea        P=1.000  R=0.755  F1=0.860
6934.3s 4047 seborrheic     P=0.716  R=0.960  F1=0.821
6934.3s 4048 
6934.3s 4049 ────────────────────────────────────────────────────────────
6934.3s 4050 [epoch 009/50]  resnet_swin
6937.4s 4051 batch 001/51  loss=0.0541  avg=0.0541
6937.7s 4052 batch 001/51  loss=0.0541  avg=0.0541
6948.8s 4053 batch 010/51  loss=0.0523  avg=0.0565
6949.0s 4054 batch 010/51  loss=0.0523  avg=0.0565
6962.1s 4055 batch 020/51  loss=0.0203  avg=0.0478
6962.3s 4056 batch 020/51  loss=0.0203  avg=0.0478
6975.2s 4057 batch 030/51  loss=0.0319  avg=0.0425
6975.4s 4058 batch 030/51  loss=0.0319  avg=0.0425
6988.0s 4059 batch 040/51  loss=0.0450  avg=0.0371
6988.2s 4060 batch 040/51  loss=0.0450  avg=0.0371
7000.3s 4061 batch 050/51  loss=0.1760  avg=0.0401
7000.5s 4062 batch 050/51  loss=0.1760  avg=0.0401
7001.6s 4063 batch 051/51  loss=0.0597  avg=0.0405
7001.8s 4064 batch 051/51  loss=0.0597  avg=0.0405
7007.6s 4065 loss=0.0405  val_f1=0.8136  val_acc=0.8426  lr=9.23e-05  stale=6/10
7007.6s 4066 psoriasis      P=0.857  R=0.400  F1=0.545
7007.6s 4067 atopy          P=0.622  R=0.875  F1=0.727
7007.6s 4068 acne           P=0.971  R=0.829  F1=0.895
7007.6s 4069 normal         P=1.000  R=1.000  F1=1.000
7007.6s 4070 rosacea        P=0.848  R=0.943  F1=0.893
7007.6s 4071 seborrheic     P=0.867  R=0.780  F1=0.821
7007.6s 4072 
7007.6s 4073 ────────────────────────────────────────────────────────────
7007.6s 4074 [epoch 010/50]  resnet_swin
7007.8s 4075 loss=0.0405  val_f1=0.8136  val_acc=0.8426  lr=9.23e-05  stale=6/10
7007.8s 4076 psoriasis      P=0.857  R=0.400  F1=0.545
7007.8s 4077 atopy          P=0.622  R=0.875  F1=0.727
7007.8s 4078 acne           P=0.971  R=0.829  F1=0.895
7007.8s 4079 normal         P=1.000  R=1.000  F1=1.000
7007.8s 4080 rosacea        P=0.848  R=0.943  F1=0.893
7007.8s 4081 seborrheic     P=0.867  R=0.780  F1=0.821
7007.8s 4082 
7007.8s 4083 ────────────────────────────────────────────────────────────
7007.8s 4084 [epoch 010/50]  resnet_swin
7010.9s 4085 batch 001/51  loss=0.0247  avg=0.0247
7011.1s 4086 batch 001/51  loss=0.0247  avg=0.0247
7022.3s 4087 batch 010/51  loss=0.0725  avg=0.0363
7022.5s 4088 batch 010/51  loss=0.0725  avg=0.0363
7035.3s 4089 batch 020/51  loss=0.0127  avg=0.0330
7035.6s 4090 batch 020/51  loss=0.0127  avg=0.0330
7047.7s 4091 batch 030/51  loss=0.0215  avg=0.0285
7047.9s 4092 batch 030/51  loss=0.0215  avg=0.0285
7059.8s 4093 batch 040/51  loss=0.1076  avg=0.0317
7060.0s 4094 batch 040/51  loss=0.1076  avg=0.0317
7072.9s 4095 batch 050/51  loss=0.0288  avg=0.0306
7073.2s 4096 batch 050/51  loss=0.0288  avg=0.0306
7074.2s 4097 batch 051/51  loss=0.0206  avg=0.0304
7074.4s 4098 batch 051/51  loss=0.0206  avg=0.0304
7080.2s 4099 loss=0.0304  val_f1=0.8206  val_acc=0.8380  lr=9.05e-05  stale=7/10
7080.2s 4100 psoriasis      P=0.571  R=0.533  F1=0.552
7080.2s 4101 atopy          P=0.960  R=0.750  F1=0.842
7080.2s 4102 acne           P=0.969  R=0.756  F1=0.849
7080.2s 4103 normal         P=1.000  R=1.000  F1=1.000
7080.2s 4104 rosacea        P=0.977  R=0.811  F1=0.887
7080.2s 4105 seborrheic     P=0.658  R=1.000  F1=0.794
7080.2s 4106 
7080.2s 4107 ────────────────────────────────────────────────────────────
7080.2s 4108 [epoch 011/50]  resnet_swin
7080.4s 4109 loss=0.0304  val_f1=0.8206  val_acc=0.8380  lr=9.05e-05  stale=7/10
7080.4s 4110 psoriasis      P=0.571  R=0.533  F1=0.552
7080.4s 4111 atopy          P=0.960  R=0.750  F1=0.842
7080.4s 4112 acne           P=0.969  R=0.756  F1=0.849
7080.4s 4113 normal         P=1.000  R=1.000  F1=1.000
7080.4s 4114 rosacea        P=0.977  R=0.811  F1=0.887
7080.4s 4115 seborrheic     P=0.658  R=1.000  F1=0.794
7080.4s 4116 
7080.4s 4117 ────────────────────────────────────────────────────────────
7080.4s 4118 [epoch 011/50]  resnet_swin
7083.6s 4119 batch 001/51  loss=0.0268  avg=0.0268
7083.8s 4120 batch 001/51  loss=0.0268  avg=0.0268
7094.7s 4121 batch 010/51  loss=0.0056  avg=0.0271
7095.0s 4122 batch 010/51  loss=0.0056  avg=0.0271
7107.8s 4123 batch 020/51  loss=0.0271  avg=0.0232
7108.0s 4124 batch 020/51  loss=0.0271  avg=0.0232
7121.4s 4125 batch 030/51  loss=0.0362  avg=0.0253
7121.6s 4126 batch 030/51  loss=0.0362  avg=0.0253
7134.6s 4127 batch 040/51  loss=0.0185  avg=0.0213
7134.8s 4128 batch 040/51  loss=0.0185  avg=0.0213
7147.4s 4129 batch 050/51  loss=0.0054  avg=0.0200
7147.7s 4130 batch 050/51  loss=0.0054  avg=0.0200
7148.9s 4131 batch 051/51  loss=0.0150  avg=0.0199
7149.1s 4132 batch 051/51  loss=0.0150  avg=0.0199
7154.9s 4133 loss=0.0199  val_f1=0.8715  val_acc=0.9028  lr=8.86e-05  stale=8/10
7154.9s 4134 psoriasis      P=0.875  R=0.467  F1=0.609
7154.9s 4135 atopy          P=0.875  R=0.875  F1=0.875
7154.9s 4136 acne           P=0.905  R=0.927  F1=0.916
7154.9s 4137 normal         P=1.000  R=1.000  F1=1.000
7154.9s 4138 rosacea        P=0.926  R=0.943  F1=0.935
7154.9s 4139 seborrheic     P=0.855  R=0.940  F1=0.895
7154.9s 4140 
7154.9s 4141 ────────────────────────────────────────────────────────────
7154.9s 4142 [epoch 012/50]  resnet_swin
7155.1s 4143 loss=0.0199  val_f1=0.8715  val_acc=0.9028  lr=8.86e-05  stale=8/10
7155.1s 4144 psoriasis      P=0.875  R=0.467  F1=0.609
7155.1s 4145 atopy          P=0.875  R=0.875  F1=0.875
7155.1s 4146 acne           P=0.905  R=0.927  F1=0.916
7155.1s 4147 normal         P=1.000  R=1.000  F1=1.000
7155.1s 4148 rosacea        P=0.926  R=0.943  F1=0.935
7155.1s 4149 seborrheic     P=0.855  R=0.940  F1=0.895
7155.1s 4150 
7155.1s 4151 ────────────────────────────────────────────────────────────
7155.1s 4152 [epoch 012/50]  resnet_swin
7158.2s 4153 batch 001/51  loss=0.0349  avg=0.0349
7158.4s 4154 batch 001/51  loss=0.0349  avg=0.0349
7169.6s 4155 batch 010/51  loss=0.0445  avg=0.0141
7169.8s 4156 batch 010/51  loss=0.0445  avg=0.0141
7182.4s 4157 batch 020/51  loss=0.0037  avg=0.0108
7182.7s 4158 batch 020/51  loss=0.0037  avg=0.0108
7195.7s 4159 batch 030/51  loss=0.0191  avg=0.0122
7195.9s 4160 batch 030/51  loss=0.0191  avg=0.0122
7208.9s 4161 batch 040/51  loss=0.0005  avg=0.0109
7209.1s 4162 batch 040/51  loss=0.0005  avg=0.0109
7222.0s 4163 batch 050/51  loss=0.0014  avg=0.0108
7222.3s 4164 batch 050/51  loss=0.0014  avg=0.0108
7223.3s 4165 batch 051/51  loss=0.0014  avg=0.0106
7223.5s 4166 batch 051/51  loss=0.0014  avg=0.0106
7229.3s 4167 loss=0.0106  val_f1=0.8309  val_acc=0.8426  lr=8.66e-05  stale=9/10
7229.3s 4168 psoriasis      P=0.727  R=0.533  F1=0.615
7229.3s 4169 atopy          P=0.931  R=0.844  F1=0.885
7229.3s 4170 acne           P=0.919  R=0.829  F1=0.872
7229.3s 4171 normal         P=1.000  R=1.000  F1=1.000
7229.3s 4172 rosacea        P=0.732  R=0.981  F1=0.839
7229.3s 4173 seborrheic     P=0.837  R=0.720  F1=0.774
7229.3s 4174 
7229.3s 4175 ────────────────────────────────────────────────────────────
7229.3s 4176 [epoch 013/50]  resnet_swin
7229.5s 4177 loss=0.0106  val_f1=0.8309  val_acc=0.8426  lr=8.66e-05  stale=9/10
7229.5s 4178 psoriasis      P=0.727  R=0.533  F1=0.615
7229.5s 4179 atopy          P=0.931  R=0.844  F1=0.885
7229.5s 4180 acne           P=0.919  R=0.829  F1=0.872
7229.5s 4181 normal         P=1.000  R=1.000  F1=1.000
7229.5s 4182 rosacea        P=0.732  R=0.981  F1=0.839
7229.5s 4183 seborrheic     P=0.837  R=0.720  F1=0.774
7229.5s 4184 
7229.5s 4185 ────────────────────────────────────────────────────────────
7229.5s 4186 [epoch 013/50]  resnet_swin
7232.6s 4187 batch 001/51  loss=0.0173  avg=0.0173
7232.8s 4188 batch 001/51  loss=0.0173  avg=0.0173
7243.4s 4189 batch 010/51  loss=0.0012  avg=0.0184
7243.6s 4190 batch 010/51  loss=0.0012  avg=0.0184
7256.3s 4191 batch 020/51  loss=0.0156  avg=0.0215
7256.5s 4192 batch 020/51  loss=0.0156  avg=0.0215
7269.7s 4193 batch 030/51  loss=0.0031  avg=0.0164
7269.9s 4194 batch 030/51  loss=0.0031  avg=0.0164
7283.1s 4195 batch 040/51  loss=0.0101  avg=0.0142
7283.3s 4196 batch 040/51  loss=0.0101  avg=0.0142
7296.2s 4197 batch 050/51  loss=0.0005  avg=0.0125
7296.5s 4198 batch 050/51  loss=0.0005  avg=0.0125
7297.2s 4199 batch 051/51  loss=0.0163  avg=0.0126
7297.4s 4200 batch 051/51  loss=0.0163  avg=0.0126
7303.3s 4201 loss=0.0126  val_f1=0.8797  val_acc=0.9120  lr=8.44e-05  stale=10/10
7303.3s 4202 psoriasis      P=0.875  R=0.467  F1=0.609
7303.3s 4203 atopy          P=0.879  R=0.906  F1=0.892
7303.3s 4204 acne           P=0.927  R=0.927  F1=0.927
7303.3s 4205 normal         P=1.000  R=1.000  F1=1.000
7303.3s 4206 rosacea        P=0.980  R=0.924  F1=0.952
7303.3s 4207 seborrheic     P=0.831  R=0.980  F1=0.899
7303.3s 4208 
7303.3s 4209 [early stop] epoch=13  best_epoch=3  best_f1=0.8800  stale=10
7303.3s 4210 
7303.3s 4211 [test]
7303.5s 4212 loss=0.0126  val_f1=0.8797  val_acc=0.9120  lr=8.44e-05  stale=10/10
7303.5s 4213 psoriasis      P=0.875  R=0.467  F1=0.609
7303.5s 4214 atopy          P=0.879  R=0.906  F1=0.892
7303.5s 4215 acne           P=0.927  R=0.927  F1=0.927
7303.5s 4216 normal         P=1.000  R=1.000  F1=1.000
7303.5s 4217 rosacea        P=0.980  R=0.924  F1=0.952
7303.5s 4218 seborrheic     P=0.831  R=0.980  F1=0.899
7303.5s 4219 
7303.5s 4220 [early stop] epoch=13  best_epoch=3  best_f1=0.8800  stale=10
7303.5s 4221 
7303.5s 4222 [test]
7310.0s 4223 acc=0.9067  f1=0.9063  recall=0.8979  conf=0.9038
7310.0s 4224 psoriasis      P=0.867  R=0.765  F1=0.812
7310.0s 4225 atopy          P=0.963  R=0.897  F1=0.929
7310.0s 4226 acne           P=0.936  R=0.898  F1=0.917
7310.0s 4227 normal         P=1.000  R=1.000  F1=1.000
7310.0s 4228 rosacea        P=0.942  R=0.924  F1=0.933
7310.0s 4229 seborrheic     P=0.797  R=0.904  F1=0.847
7310.0s 4230 [summary] /kaggle/working/outputs_20260504_064512/checkpoints/resnet_swin/summary.json
7310.2s 4231 acc=0.9067  f1=0.9063  recall=0.8979  conf=0.9038
7310.2s 4232 psoriasis      P=0.867  R=0.765  F1=0.812
7310.2s 4233 atopy          P=0.963  R=0.897  F1=0.929
7310.2s 4234 acne           P=0.936  R=0.898  F1=0.917
7310.2s 4235 normal         P=1.000  R=1.000  F1=1.000
7310.2s 4236 rosacea        P=0.942  R=0.924  F1=0.933
7310.2s 4237 seborrheic     P=0.797  R=0.904  F1=0.847
7310.2s 4238 [summary] /kaggle/working/outputs_20260504_064512/checkpoints/resnet_swin/summary.json
7311.5s 4239 [done] resnet_swin  exit_code=0  end=2026-05-04 08:46:46
7311.5s 4240 [weights_pool] all 4 single-model checkpoints ready
7311.5s 4241 
7311.5s 4242 [zip] /kaggle/working/training_outputs.zip
7311.7s 4243 [done] resnet_swin  exit_code=0  end=2026-05-04 08:46:46
7311.7s 4244 [weights_pool] all 4 single-model checkpoints ready
7311.7s 4245 
7311.7s 4246 [zip] /kaggle/working/training_outputs.zip
7369.1s 4247 [zip done] 1030.2 MB
7369.4s 4248 [zip done] 1030.2 MB
7370.4s 4249 [split] 3 parts (500 MB each)
7370.4s 4250 training_outputs.zip.part001  500.0 MB
7370.4s 4251 training_outputs.zip.part002  500.0 MB
7370.4s 4252 training_outputs.zip.part003  30.2 MB
7370.4s 4253 
7370.4s 4254 [end] 2026-05-04 08:47:45
7370.4s 4255 [summary] /kaggle/working/outputs_20260504_064512/run_summary.json
7370.4s 4256 [zip]     /kaggle/working/training_outputs.zip
7370.6s 4257 [split] 3 parts (500 MB each)
7370.6s 4258 training_outputs.zip.part001  500.0 MB
7370.6s 4259 training_outputs.zip.part002  500.0 MB
7370.6s 4260 training_outputs.zip.part003  30.2 MB
7370.6s 4261 
7370.6s 4262 [end] 2026-05-04 08:47:45
7370.6s 4263 [summary] /kaggle/working/outputs_20260504_064512/run_summary.json
7370.6s 4264 [zip]     /kaggle/working/training_outputs.zip
7373.3s 4265 /usr/local/lib/python3.12/dist-packages/mistune.py:435: SyntaxWarning: invalid escape sequence '\|'
7373.3s 4266 cells[i][c] = re.sub('\\\\\|', '|', cell)
7373.5s 4267 /usr/local/lib/python3.12/dist-packages/nbconvert/filters/filter_links.py:36: SyntaxWarning: invalid escape sequence '\_'
7373.5s 4268 text = re.sub(r'_', '\_', text) # Escape underscores in display text
7374.0s 4269 [NbConvertApp] Converting notebook __notebook__.ipynb to notebook
7374.4s 4270 [NbConvertApp] Writing 116969 bytes to __notebook__.ipynb
7376.8s 4271 [NbConvertApp] Converting notebook __notebook__.ipynb to html
7377.6s 4272 [NbConvertApp] Writing 367730 bytes to __results__.html